id,type,skillId,pack,priority,riskClass,statement,owner,verification,completionBoundary
REQ-01-01-01,functional,stakeholder-workflow-discovery,01-fde-engagement,P0,medium,"Capture sponsor, business owner, subject-matter experts, security, data, operations, and end-user roles.",fde-engagement-team,stakeholder-workflow-discovery-AC-01,E2
REQ-01-01-02,functional,stakeholder-workflow-discovery,01-fde-engagement,P0,medium,"Model happy paths, exception paths, handoffs, approvals, and undocumented workarounds.",fde-engagement-team,stakeholder-workflow-discovery-AC-02,E2
REQ-01-01-03,functional,stakeholder-workflow-discovery,01-fde-engagement,P0,medium,"Separate observed facts, stakeholder claims, assumptions, conflicts, and unknowns.",fde-engagement-team,stakeholder-workflow-discovery-AC-03,E2
REQ-01-01-04,functional,stakeholder-workflow-discovery,01-fde-engagement,P0,medium,Link every proposed opportunity to a baseline metric and accountable owner.,fde-engagement-team,stakeholder-workflow-discovery-AC-04,E2
REQ-01-01-05,functional,stakeholder-workflow-discovery,01-fde-engagement,P0,medium,Persist decisions and action items with due dates and evidence references.,fde-engagement-team,stakeholder-workflow-discovery-AC-05,E2
REQ-01-02-01,functional,business-baseline-roi,01-fde-engagement,P1,medium,"Measure current cycle time, labor, defects, incidents, revenue leakage, and risk exposure where relevant.",fde-value-engineering-team,business-baseline-roi-AC-01,E2
REQ-01-02-02,functional,business-baseline-roi,01-fde-engagement,P1,medium,Use ranges and confidence levels when data is incomplete.,fde-value-engineering-team,business-baseline-roi-AC-02,E2
REQ-01-02-03,functional,business-baseline-roi,01-fde-engagement,P1,medium,"Keep model, compute, storage, network, and human-review costs separate.",fde-value-engineering-team,business-baseline-roi-AC-03,E2
REQ-01-02-04,functional,business-baseline-roi,01-fde-engagement,P1,medium,Express delivery estimates as machine wall-clock plus explicitly separate human decisions.,fde-value-engineering-team,business-baseline-roi-AC-04,E2
REQ-01-02-05,functional,business-baseline-roi,01-fde-engagement,P1,medium,"Define post-launch measurement ownership, cadence, and data source.",fde-value-engineering-team,business-baseline-roi-AC-05,E2
REQ-01-03-01,functional,pilot-scope-sow-acceptance,01-fde-engagement,P0,high,"Classify engagement phase as discovery, PoC, pilot, production, remediation, or handoff.",fde-delivery-governance-team,pilot-scope-sow-acceptance-AC-01,E3
REQ-01-03-02,functional,pilot-scope-sow-acceptance,01-fde-engagement,P0,high,"Define in-scope, out-of-scope, dependencies, customer responsibilities, and non-goals.",fde-delivery-governance-team,pilot-scope-sow-acceptance-AC-02,E3
REQ-01-03-03,functional,pilot-scope-sow-acceptance,01-fde-engagement,P0,high,Make acceptance criteria machine-verifiable where possible.,fde-delivery-governance-team,pilot-scope-sow-acceptance-AC-03,E3
REQ-01-03-04,functional,pilot-scope-sow-acceptance,01-fde-engagement,P0,high,"Define stop, escalation, rollback, and re-scope conditions.",fde-delivery-governance-team,pilot-scope-sow-acceptance-AC-04,E3
REQ-01-03-05,functional,pilot-scope-sow-acceptance,01-fde-engagement,P0,high,"Bind scope to exact repositories, environments, data classes, and authority boundaries.",fde-delivery-governance-team,pilot-scope-sow-acceptance-AC-05,E3
REQ-01-04-01,functional,status-risk-decision-communications,01-fde-engagement,P1,medium,Derive status from execution and evidence ledgers rather than agent self-report.,fde-program-operations-team,status-risk-decision-communications-AC-01,E2
REQ-01-04-02,functional,status-risk-decision-communications,01-fde-engagement,P1,medium,"Report scope, progress, risks, blockers, decisions, cost, machine wall-clock, and next gates.",fde-program-operations-team,status-risk-decision-communications-AC-02,E2
REQ-01-04-03,functional,status-risk-decision-communications,01-fde-engagement,P1,medium,"Distinguish completed, in-progress, blocked, unknown, unsupported, and waived work.",fde-program-operations-team,status-risk-decision-communications-AC-03,E2
REQ-01-04-04,functional,status-risk-decision-communications,01-fde-engagement,P1,medium,"Escalate material changes to security, correctness, schedule, or acceptance confidence.",fde-program-operations-team,status-risk-decision-communications-AC-04,E2
REQ-01-04-05,functional,status-risk-decision-communications,01-fde-engagement,P1,medium,Keep executive and engineering views consistent through shared identifiers.,fde-program-operations-team,status-risk-decision-communications-AC-05,E2
REQ-01-05-01,functional,procurement-security-questionnaire,01-fde-engagement,P2,high,"Answer only from versioned product, deployment, policy, and evidence sources.",trust-commercial-readiness-team,procurement-security-questionnaire-AC-01,E3
REQ-01-05-02,functional,procurement-security-questionnaire,01-fde-engagement,P2,high,"Mark unsupported, planned, customer-responsibility, and release-time-configured controls distinctly.",trust-commercial-readiness-team,procurement-security-questionnaire-AC-02,E3
REQ-01-05-03,functional,procurement-security-questionnaire,01-fde-engagement,P2,high,Route legal and regulatory interpretations to authorized humans.,trust-commercial-readiness-team,procurement-security-questionnaire-AC-03,E3
REQ-01-05-04,functional,procurement-security-questionnaire,01-fde-engagement,P2,high,Prevent reuse of stale answers after architecture or policy changes.,trust-commercial-readiness-team,procurement-security-questionnaire-AC-04,E3
REQ-01-05-05,functional,procurement-security-questionnaire,01-fde-engagement,P2,high,Produce a gap and remediation plan for unanswered requirements.,trust-commercial-readiness-team,procurement-security-questionnaire-AC-05,E3
REQ-01-06-01,functional,adoption-change-management,01-fde-engagement,P1,medium,"Segment users by role, workflow, risk, and readiness.",customer-adoption-team,adoption-change-management-AC-01,E2
REQ-01-06-02,functional,adoption-change-management,01-fde-engagement,P1,medium,"Define enablement, pilot cohorts, champions, office hours, and support channels.",customer-adoption-team,adoption-change-management-AC-02,E2
REQ-01-06-03,functional,adoption-change-management,01-fde-engagement,P1,medium,"Measure activation, repeat use, completion, intervention, and business outcomes.",customer-adoption-team,adoption-change-management-AC-03,E2
REQ-01-06-04,functional,adoption-change-management,01-fde-engagement,P1,medium,Capture feedback with consent and tenant-specific data-use controls.,customer-adoption-team,adoption-change-management-AC-04,E2
REQ-01-06-05,functional,adoption-change-management,01-fde-engagement,P1,medium,Create an operational ownership and knowledge-transfer exit plan.,customer-adoption-team,adoption-change-management-AC-05,E2
REQ-02-01-01,functional,repository-custody-and-revisionset,02-repository-intake-runtime,P0,critical,"Verify tenant, repository, branch, commit, submodule, LFS, and artifact authorization before access.",repository-runtime-team,repository-custody-and-revisionset-AC-01,E3
REQ-02-01-02,functional,repository-custody-and-revisionset,02-repository-intake-runtime,P0,critical,Create an immutable RevisionSet covering every repository and external artifact used by the task.,repository-runtime-team,repository-custody-and-revisionset-AC-02,E3
REQ-02-01-03,functional,repository-custody-and-revisionset,02-repository-intake-runtime,P0,critical,Preserve source integrity and separate read-only intake from writable transformation workspaces.,repository-runtime-team,repository-custody-and-revisionset-AC-03,E3
REQ-02-01-04,functional,repository-custody-and-revisionset,02-repository-intake-runtime,P0,critical,"Hash imported files, manifests, archives, and generated inventories.",repository-runtime-team,repository-custody-and-revisionset-AC-04,E3
REQ-02-01-05,functional,repository-custody-and-revisionset,02-repository-intake-runtime,P0,critical,Block analysis when repository identity or custody is ambiguous.,repository-runtime-team,repository-custody-and-revisionset-AC-05,E3
REQ-02-02-01,functional,asset-inventory-and-classification,02-repository-intake-runtime,P0,high,"Classify every file and directory with confidence, origin, ownership, and processing policy.",repository-intelligence-team,asset-inventory-and-classification-AC-01,E1
REQ-02-02-02,functional,asset-inventory-and-classification,02-repository-intake-runtime,P0,high,"Detect languages, frameworks, build systems, package managers, schemas, IaC, CI/CD, and test assets.",repository-intelligence-team,asset-inventory-and-classification-AC-02,E1
REQ-02-02-03,functional,asset-inventory-and-classification,02-repository-intake-runtime,P0,high,"Identify generated, vendored, duplicated, encrypted, binary, ignored, and unreachable assets.",repository-intelligence-team,asset-inventory-and-classification-AC-03,E1
REQ-02-02-04,functional,asset-inventory-and-classification,02-repository-intake-runtime,P0,high,"Map monorepo, polyrepo, service, module, package, and deployable-unit boundaries.",repository-intelligence-team,asset-inventory-and-classification-AC-04,E1
REQ-02-02-05,functional,asset-inventory-and-classification,02-repository-intake-runtime,P0,high,Report unclassified and inaccessible assets as explicit unknowns.,repository-intelligence-team,asset-inventory-and-classification-AC-05,E1
REQ-02-03-01,functional,reproducible-build-environment,02-repository-intake-runtime,P0,critical,"Resolve language runtimes, compilers, SDKs, system packages, build tools, private registries, and environment variables.",native-runtime-lab-team,reproducible-build-environment-AC-01,E3
REQ-02-03-02,functional,reproducible-build-environment,02-repository-intake-runtime,P0,critical,Pin exact versions and immutable images or digests before evidence is reusable.,native-runtime-lab-team,reproducible-build-environment-AC-02,E3
REQ-02-03-03,functional,reproducible-build-environment,02-repository-intake-runtime,P0,critical,"Distinguish source defects from environment, network, credential, and dependency failures.",native-runtime-lab-team,reproducible-build-environment-AC-03,E3
REQ-02-03-04,functional,reproducible-build-environment,02-repository-intake-runtime,P0,critical,"Capture commands, logs, artifacts, resource limits, and environment hashes for replay.",native-runtime-lab-team,reproducible-build-environment-AC-04,E3
REQ-02-03-05,functional,reproducible-build-environment,02-repository-intake-runtime,P0,critical,Use environment-owned authority and reject inherited thread-global privileges.,native-runtime-lab-team,reproducible-build-environment-AC-05,E3
REQ-02-04-01,functional,external-dependency-stub-and-service-virtualization,02-repository-intake-runtime,P1,high,"Inventory every external dependency, protocol, authentication method, side effect, and availability assumption.",native-runtime-lab-team,external-dependency-stub-and-service-virtualization-AC-01,E2
REQ-02-04-02,functional,external-dependency-stub-and-service-virtualization,02-repository-intake-runtime,P1,high,"Choose record-replay, contract stub, emulator, container, simulator, or real test service by risk and fidelity.",native-runtime-lab-team,external-dependency-stub-and-service-virtualization-AC-02,E2
REQ-02-04-03,functional,external-dependency-stub-and-service-virtualization,02-repository-intake-runtime,P1,high,Declare unsupported behavior and fidelity gaps.,native-runtime-lab-team,external-dependency-stub-and-service-virtualization-AC-03,E2
REQ-02-04-04,functional,external-dependency-stub-and-service-virtualization,02-repository-intake-runtime,P1,high,Prevent test doubles from being mistaken for production evidence.,native-runtime-lab-team,external-dependency-stub-and-service-virtualization-AC-04,E2
REQ-02-04-05,functional,external-dependency-stub-and-service-virtualization,02-repository-intake-runtime,P1,high,Redact sensitive captured traffic and bind fixtures to consent and retention rules.,native-runtime-lab-team,external-dependency-stub-and-service-virtualization-AC-05,E2
REQ-02-05-01,functional,support-profile-and-unknown-register,02-repository-intake-runtime,P0,critical,"Score every relevant language, framework, database, protocol, and runtime from S0 to S5.",repository-intelligence-team,support-profile-and-unknown-register-AC-01,E3
REQ-02-05-02,functional,support-profile-and-unknown-register,02-repository-intake-runtime,P0,critical,"Track analysis coverage by file, module, behavior, environment, issue domain, and evidence source.",repository-intelligence-team,support-profile-and-unknown-register-AC-02,E3
REQ-02-05-03,functional,support-profile-and-unknown-register,02-repository-intake-runtime,P0,critical,"Register UNKNOWN, UNSUPPORTED, inaccessible, ambiguous, and stale-evidence states separately.",repository-intelligence-team,support-profile-and-unknown-register-AC-03,E3
REQ-02-05-04,functional,support-profile-and-unknown-register,02-repository-intake-runtime,P0,critical,Block completion claims when critical unknowns or unsupported paths affect acceptance criteria.,repository-intelligence-team,support-profile-and-unknown-register-AC-04,E3
REQ-02-05-05,functional,support-profile-and-unknown-register,02-repository-intake-runtime,P0,critical,Publish an honest completeness statement with assumptions and blind spots.,repository-intelligence-team,support-profile-and-unknown-register-AC-05,E3
REQ-02-06-01,functional,runtime-observation-and-traffic-capture,02-repository-intake-runtime,P1,critical,"Require explicit environment, data, user, duration, and purpose authorization before capture.",runtime-observability-team,runtime-observation-and-traffic-capture-AC-01,E3
REQ-02-06-02,functional,runtime-observation-and-traffic-capture,02-repository-intake-runtime,P1,critical,"Correlate telemetry to exact build, configuration, RevisionSet, request, user role, and workflow.",runtime-observability-team,runtime-observation-and-traffic-capture-AC-02,E3
REQ-02-06-03,functional,runtime-observation-and-traffic-capture,02-repository-intake-runtime,P1,critical,Redact secrets and regulated data before model-visible processing.,runtime-observability-team,runtime-observation-and-traffic-capture-AC-03,E3
REQ-02-06-04,functional,runtime-observation-and-traffic-capture,02-repository-intake-runtime,P1,critical,"Preserve sampling, loss, clock, and instrumentation limitations.",runtime-observability-team,runtime-observation-and-traffic-capture-AC-04,E3
REQ-02-06-05,functional,runtime-observation-and-traffic-capture,02-repository-intake-runtime,P1,critical,"Generate replayable, normalized behavioral evidence without duplicating production side effects.",runtime-observability-team,runtime-observation-and-traffic-capture-AC-05,E3
REQ-03-01-01,functional,polyglot-semantic-system-graph,03-semantic-intelligence,P0,critical,Parse supported assets into lossless syntax and typed semantic representations while preserving source locations.,semantic-repository-team,polyglot-semantic-system-graph-AC-01,E3
REQ-03-01-02,functional,polyglot-semantic-system-graph,03-semantic-intelligence,P0,critical,"Resolve symbols, types, calls, control flow, data flow, exceptions, concurrency, transactions, events, and side effects.",semantic-repository-team,polyglot-semantic-system-graph-AC-02,E3
REQ-03-01-03,functional,polyglot-semantic-system-graph,03-semantic-intelligence,P0,critical,"Link code to build, runtime, database, API, infrastructure, tests, and generated artifacts.",semantic-repository-team,polyglot-semantic-system-graph-AC-03,E3
REQ-03-01-04,functional,polyglot-semantic-system-graph,03-semantic-intelligence,P0,critical,"Represent ambiguous dynamic dispatch, reflection, macros, code generation, and native boundaries as candidate edges with confidence.",semantic-repository-team,polyglot-semantic-system-graph-AC-04,E3
REQ-03-01-05,functional,polyglot-semantic-system-graph,03-semantic-intelligence,P0,critical,Support incremental rebuilds keyed by RevisionSet and analyzer versions.,semantic-repository-team,polyglot-semantic-system-graph-AC-05,E3
REQ-03-02-01,functional,business-capability-code-mapping,03-semantic-intelligence,P0,high,"Link each approved workflow step to implementing modules, endpoints, queries, events, screens, and tests.",business-semantics-team,business-capability-code-mapping-AC-01,E3
REQ-03-02-02,functional,business-capability-code-mapping,03-semantic-intelligence,P0,high,"Extract explicit and implicit rules, decision tables, state transitions, calculations, and exception policies.",business-semantics-team,business-capability-code-mapping-AC-02,E3
REQ-03-02-03,functional,business-capability-code-mapping,03-semantic-intelligence,P0,high,Record conflicting implementations and undocumented behavior.,business-semantics-team,business-capability-code-mapping-AC-03,E3
REQ-03-02-04,functional,business-capability-code-mapping,03-semantic-intelligence,P0,high,"Associate business criticality, users, data classes, and owners with technical components.",business-semantics-team,business-capability-code-mapping-AC-04,E3
REQ-03-02-05,functional,business-capability-code-mapping,03-semantic-intelligence,P0,high,Maintain traceability across revisions and transformations.,business-semantics-team,business-capability-code-mapping-AC-05,E3
REQ-03-03-01,functional,data-event-permission-lineage,03-semantic-intelligence,P0,critical,"Track sources, transformations, stores, caches, exports, logs, models, and deletion paths for sensitive and critical data.",data-security-semantics-team,data-event-permission-lineage-AC-01,E3
REQ-03-03-02,functional,data-event-permission-lineage,03-semantic-intelligence,P0,critical,"Trace events from producer through broker, retries, consumers, databases, and external effects.",data-security-semantics-team,data-event-permission-lineage-AC-02,E3
REQ-03-03-03,functional,data-event-permission-lineage,03-semantic-intelligence,P0,critical,"Trace identity, role, policy, tenant, delegation, and service-account context through each hop.",data-security-semantics-team,data-event-permission-lineage-AC-03,E3
REQ-03-03-04,functional,data-event-permission-lineage,03-semantic-intelligence,P0,critical,"Detect context loss, cross-tenant paths, authorization gaps, and untracked side effects.",data-security-semantics-team,data-event-permission-lineage-AC-04,E3
REQ-03-03-05,functional,data-event-permission-lineage,03-semantic-intelligence,P0,critical,Bind lineage edges to static and runtime evidence with confidence and retention classification.,data-security-semantics-team,data-event-permission-lineage-AC-05,E3
REQ-03-04-01,functional,git-history-ownership-change-coupling,03-semantic-intelligence,P1,medium,"Analyze co-change, churn, defect linkage, reverts, release branches, and migration sequences.",repository-intelligence-team,git-history-ownership-change-coupling-AC-01,E2
REQ-03-04-02,functional,git-history-ownership-change-coupling,03-semantic-intelligence,P1,medium,Distinguish generated mass changes from meaningful coupling.,repository-intelligence-team,git-history-ownership-change-coupling-AC-02,E2
REQ-03-04-03,functional,git-history-ownership-change-coupling,03-semantic-intelligence,P1,medium,Identify ownership concentration and orphaned critical modules without employee scoring.,repository-intelligence-team,git-history-ownership-change-coupling-AC-03,E2
REQ-03-04-04,functional,git-history-ownership-change-coupling,03-semantic-intelligence,P1,medium,Link historical incidents and decisions to current code when evidence exists.,repository-intelligence-team,git-history-ownership-change-coupling-AC-04,E2
REQ-03-04-05,functional,git-history-ownership-change-coupling,03-semantic-intelligence,P1,medium,"Respect privacy, labor, and retention policies for contributor data.",repository-intelligence-team,git-history-ownership-change-coupling-AC-05,E2
REQ-03-05-01,functional,static-dynamic-evidence-fusion,03-semantic-intelligence,P0,critical,"Represent source, method, version, scope, freshness, confidence, and limitations for every fact.",semantic-evidence-team,static-dynamic-evidence-fusion-AC-01,E3
REQ-03-05-02,functional,static-dynamic-evidence-fusion,03-semantic-intelligence,P0,critical,Prefer authoritative deterministic evidence for questions it can decide.,semantic-evidence-team,static-dynamic-evidence-fusion-AC-02,E3
REQ-03-05-03,functional,static-dynamic-evidence-fusion,03-semantic-intelligence,P0,critical,Retain contradictions and counterexamples instead of collapsing them prematurely.,semantic-evidence-team,static-dynamic-evidence-fusion-AC-03,E3
REQ-03-05-04,functional,static-dynamic-evidence-fusion,03-semantic-intelligence,P0,critical,"Invalidate facts when RevisionSet, environment, toolchain, policy, or analyzer versions change.",semantic-evidence-team,static-dynamic-evidence-fusion-AC-04,E3
REQ-03-05-05,functional,static-dynamic-evidence-fusion,03-semantic-intelligence,P0,critical,Generate proof obligations for facts that remain material but uncertain.,semantic-evidence-team,static-dynamic-evidence-fusion-AC-05,E3
REQ-04-01-01,functional,issue-ontology-and-finding-normalization,04-unified-assessment,P0,critical,"Use one ontology across business correctness, code, architecture, data, security, reliability, tests, infrastructure, AI, UX, and operations.",repository-assessment-team,issue-ontology-and-finding-normalization-AC-01,E3
REQ-04-01-02,functional,issue-ontology-and-finding-normalization,04-unified-assessment,P0,critical,"Require location, evidence, trigger condition, impact, likelihood, confidence, root cause, remediation, and verification plan.",repository-assessment-team,issue-ontology-and-finding-normalization-AC-02,E3
REQ-04-01-03,functional,issue-ontology-and-finding-normalization,04-unified-assessment,P0,critical,"Deduplicate, correlate, and cluster symptoms under evidence-supported root causes.",repository-assessment-team,issue-ontology-and-finding-normalization-AC-03,E3
REQ-04-01-04,functional,issue-ontology-and-finding-normalization,04-unified-assessment,P0,critical,"Preserve source-tool identifiers, suppressed results, waivers, and false-positive rationale.",repository-assessment-team,issue-ontology-and-finding-normalization-AC-04,E3
REQ-04-01-05,functional,issue-ontology-and-finding-normalization,04-unified-assessment,P0,critical,"Link findings to business capabilities, invariants, acceptance criteria, and affected revisions.",repository-assessment-team,issue-ontology-and-finding-normalization-AC-05,E3
REQ-04-02-01,functional,architecture-maintainability-audit,04-unified-assessment,P0,high,"Detect cyclic dependencies, layer violations, unstable boundaries, shared data coupling, distributed monoliths, and change hotspots.",architecture-assurance-team,architecture-maintainability-audit-AC-01,E3
REQ-04-02-02,functional,architecture-maintainability-audit,04-unified-assessment,P0,high,"Assess cohesion, coupling, complexity, duplication, dead code, wrong abstraction, and framework leakage.",architecture-assurance-team,architecture-maintainability-audit-AC-02,E3
REQ-04-02-03,functional,architecture-maintainability-audit,04-unified-assessment,P0,high,Compare implemented structure with documented architecture and repository rules.,architecture-assurance-team,architecture-maintainability-audit-AC-03,E3
REQ-04-02-04,functional,architecture-maintainability-audit,04-unified-assessment,P0,high,"Prioritize debt by change frequency, criticality, defect history, and transformation leverage.",architecture-assurance-team,architecture-maintainability-audit-AC-04,E3
REQ-04-02-05,functional,architecture-maintainability-audit,04-unified-assessment,P0,high,Propose executable architecture fitness functions for consequential rules.,architecture-assurance-team,architecture-maintainability-audit-AC-05,E3
REQ-04-03-01,functional,correctness-concurrency-consistency-audit,04-unified-assessment,P0,critical,"Analyze nullability, bounds, numeric precision, time, locale, error, resource, and lifecycle behavior.",software-correctness-team,correctness-concurrency-consistency-audit-AC-01,E3
REQ-04-03-02,functional,correctness-concurrency-consistency-audit,04-unified-assessment,P0,critical,"Detect races, deadlocks, atomicity violations, lost updates, unsafe publication, and cancellation leaks.",software-correctness-team,correctness-concurrency-consistency-audit-AC-02,E3
REQ-04-03-03,functional,correctness-concurrency-consistency-audit,04-unified-assessment,P0,critical,"Trace transaction, retry, timeout, idempotency, ordering, deduplication, compensation, and cache consistency.",software-correctness-team,correctness-concurrency-consistency-audit-AC-03,E3
REQ-04-03-04,functional,correctness-concurrency-consistency-audit,04-unified-assessment,P0,critical,Recover and validate business state machines and conservation invariants.,software-correctness-team,correctness-concurrency-consistency-audit-AC-04,E3
REQ-04-03-05,functional,correctness-concurrency-consistency-audit,04-unified-assessment,P0,critical,"Use tests, replay, fuzzing, symbolic reasoning, or formal methods according to risk.",software-correctness-team,correctness-concurrency-consistency-audit-AC-05,E3
REQ-04-04-01,functional,security-privacy-supply-chain-audit,04-unified-assessment,P0,critical,"Model assets, actors, trust boundaries, entry points, data classes, abuse cases, and side effects.",product-security-team,security-privacy-supply-chain-audit-AC-01,E3
REQ-04-04-02,functional,security-privacy-supply-chain-audit,04-unified-assessment,P0,critical,"Trace authentication, authorization, service identity, tenant context, and privileged paths end to end.",product-security-team,security-privacy-supply-chain-audit-AC-02,E3
REQ-04-04-03,functional,security-privacy-supply-chain-audit,04-unified-assessment,P0,critical,"Detect common application, API, agent, dependency, artifact, CI/CD, container, cloud, and IaC risks.",product-security-team,security-privacy-supply-chain-audit-AC-03,E3
REQ-04-04-04,functional,security-privacy-supply-chain-audit,04-unified-assessment,P0,critical,"Generate SBOM, dependency delta, license delta, and provenance obligations where tooling exists.",product-security-team,security-privacy-supply-chain-audit-AC-04,E3
REQ-04-04-05,functional,security-privacy-supply-chain-audit,04-unified-assessment,P0,critical,"Separate product controls, deployment controls, organizational controls, and customer responsibilities.",product-security-team,security-privacy-supply-chain-audit-AC-05,E3
REQ-04-05-01,functional,data-database-migration-audit,04-unified-assessment,P0,critical,"Recover logical and physical schemas, constraints, indexes, routines, triggers, views, permissions, and ownership.",data-platform-assurance-team,data-database-migration-audit-AC-01,E3
REQ-04-05-02,functional,data-database-migration-audit,04-unified-assessment,P0,critical,"Analyze query plans, N+1 patterns, transaction boundaries, locking, pagination, and data-access anti-patterns.",data-platform-assurance-team,data-database-migration-audit-AC-02,E3
REQ-04-05-03,functional,data-database-migration-audit,04-unified-assessment,P0,critical,"Detect data-quality, retention, deletion, PII, lineage, and reconciliation gaps.",data-platform-assurance-team,data-database-migration-audit-AC-03,E3
REQ-04-05-04,functional,data-database-migration-audit,04-unified-assessment,P0,critical,"Assess expand-migrate-contract, CDC, backfill, dual-write, rollback, and cutover hazards.",data-platform-assurance-team,data-database-migration-audit-AC-04,E3
REQ-04-05-05,functional,data-database-migration-audit,04-unified-assessment,P0,critical,Compare dialect and routine semantics rather than syntax alone.,data-platform-assurance-team,data-database-migration-audit-AC-05,E3
REQ-04-06-01,functional,performance-reliability-observability-audit,04-unified-assessment,P0,critical,"Assess algorithmic complexity, CPU, memory, GC, I/O, locks, connections, queues, caches, batching, and backpressure.",performance-sre-assurance-team,performance-reliability-observability-audit-AC-01,E3
REQ-04-06-02,functional,performance-reliability-observability-audit,04-unified-assessment,P0,critical,"Evaluate timeout, retry, circuit breaker, bulkhead, failover, backup, restore, disaster recovery, and graceful degradation.",performance-sre-assurance-team,performance-reliability-observability-audit-AC-02,E3
REQ-04-06-03,functional,performance-reliability-observability-audit,04-unified-assessment,P0,critical,"Map service-level indicators, objectives, error budgets, dashboards, alerts, traces, logs, metrics, and profiles.",performance-sre-assurance-team,performance-reliability-observability-audit-AC-03,E3
REQ-04-06-04,functional,performance-reliability-observability-audit,04-unified-assessment,P0,critical,"Use representative workload models and preserve hardware, dataset, configuration, and sampling identity.",performance-sre-assurance-team,performance-reliability-observability-audit-AC-04,E3
REQ-04-06-05,functional,performance-reliability-observability-audit,04-unified-assessment,P0,critical,Estimate cost and capacity impact of remediation options.,performance-sre-assurance-team,performance-reliability-observability-audit-AC-05,E3
REQ-04-07-01,functional,test-ci-cd-developer-experience-audit,04-unified-assessment,P1,high,"Map business-critical behaviors to unit, integration, contract, end-to-end, property, mutation, performance, and security tests.",quality-engineering-team,test-ci-cd-developer-experience-audit-AC-01,E3
REQ-04-07-02,functional,test-ci-cd-developer-experience-audit,04-unified-assessment,P1,high,"Detect weak assertions, overmocking, shared-state pollution, non-determinism, flaky timing, and unrealistic fixtures.",quality-engineering-team,test-ci-cd-developer-experience-audit-AC-02,E3
REQ-04-07-03,functional,test-ci-cd-developer-experience-audit,04-unified-assessment,P1,high,"Assess build graph efficiency, caching, parallelism, hermeticity, artifact promotion, branch protection, and rollback readiness.",quality-engineering-team,test-ci-cd-developer-experience-audit-AC-03,E3
REQ-04-07-04,functional,test-ci-cd-developer-experience-audit,04-unified-assessment,P1,high,Track developer feedback latency and repeated failure causes.,quality-engineering-team,test-ci-cd-developer-experience-audit-AC-04,E3
REQ-04-07-05,functional,test-ci-cd-developer-experience-audit,04-unified-assessment,P1,high,Recommend hard enforcement for deterministic rules and review guidance for judgment-based rules.,quality-engineering-team,test-ci-cd-developer-experience-audit-AC-05,E3
REQ-04-08-01,functional,ux-accessibility-i18n-audit,04-unified-assessment,P2,medium,"Trace critical user journeys across routes, states, forms, errors, permissions, network failures, and recovery.",product-experience-assurance-team,ux-accessibility-i18n-audit-AC-01,E2
REQ-04-08-02,functional,ux-accessibility-i18n-audit,04-unified-assessment,P2,medium,"Assess keyboard, screen-reader, contrast, semantics, focus, motion, and accessible error handling using automated and manual evidence.",product-experience-assurance-team,ux-accessibility-i18n-audit-AC-02,E2
REQ-04-08-03,functional,ux-accessibility-i18n-audit,04-unified-assessment,P2,medium,"Detect hard-coded locale, timezone, currency, encoding, pluralization, and bidirectional-text assumptions.",product-experience-assurance-team,ux-accessibility-i18n-audit-AC-03,E2
REQ-04-08-04,functional,ux-accessibility-i18n-audit,04-unified-assessment,P2,medium,"Measure bundle, rendering, data-fetch, hydration, memory, and interaction performance.",product-experience-assurance-team,ux-accessibility-i18n-audit-AC-04,E2
REQ-04-08-05,functional,ux-accessibility-i18n-audit,04-unified-assessment,P2,medium,Link experience findings to adoption and business outcomes.,product-experience-assurance-team,ux-accessibility-i18n-audit-AC-05,E2
REQ-04-09-01,functional,ai-agent-system-audit,04-unified-assessment,P1,critical,"Inventory models, prompts, policies, retrieval, memory, tools, agents, workflows, datasets, and evaluators with versions.",ai-systems-assurance-team,ai-agent-system-audit-AC-01,E3
REQ-04-09-02,functional,ai-agent-system-audit,04-unified-assessment,P1,critical,"Test task success, grounding, citation, tool choice, recovery, latency, cost, and human intervention.",ai-systems-assurance-team,ai-agent-system-audit-AC-02,E3
REQ-04-09-03,functional,ai-agent-system-audit,04-unified-assessment,P1,critical,"Assess prompt injection, indirect injection, tool escalation, data exfiltration, memory poisoning, and tenant leakage.",ai-systems-assurance-team,ai-agent-system-audit-AC-03,E3
REQ-04-09-04,functional,ai-agent-system-audit,04-unified-assessment,P1,critical,"Detect evaluator leakage, weak or circular judges, missing holdouts, and non-reproducible model changes.",ai-systems-assurance-team,ai-agent-system-audit-AC-04,E3
REQ-04-09-05,functional,ai-agent-system-audit,04-unified-assessment,P1,critical,Require independent evidence and explicit model/provider/version pins for reusable results.,ai-systems-assurance-team,ai-agent-system-audit-AC-05,E3
REQ-04-10-01,functional,cost-finops-sustainability-audit,04-unified-assessment,P2,medium,"Attribute cost to tenant, engagement, repository, workflow, step, model, tool, environment, and artifact.",finops-platform-team,cost-finops-sustainability-audit-AC-01,E2
REQ-04-10-02,functional,cost-finops-sustainability-audit,04-unified-assessment,P2,medium,"Separate model, compute, storage, network, license, and human-review costs.",finops-platform-team,cost-finops-sustainability-audit-AC-02,E2
REQ-04-10-03,functional,cost-finops-sustainability-audit,04-unified-assessment,P2,medium,"Detect retry waste, duplicate analysis, poor cache reuse, idle workers, oversized resources, and expensive low-value evidence.",finops-platform-team,cost-finops-sustainability-audit-AC-03,E2
REQ-04-10-04,functional,cost-finops-sustainability-audit,04-unified-assessment,P2,medium,Model cost-quality-latency-risk tradeoffs without violating acceptance or safety gates.,finops-platform-team,cost-finops-sustainability-audit-AC-04,E2
REQ-04-10-05,functional,cost-finops-sustainability-audit,04-unified-assessment,P2,medium,Track machine wall-clock and queue time separately from human elapsed time.,finops-platform-team,cost-finops-sustainability-audit-AC-05,E2
REQ-05-01-01,functional,root-cause-risk-prioritization,05-planning-transformation,P0,critical,"Separate symptoms, contributing conditions, root causes, amplifiers, and latent risks.",transformation-planning-team,root-cause-risk-prioritization-AC-01,E3
REQ-05-01-02,functional,root-cause-risk-prioritization,05-planning-transformation,P0,critical,"Prioritize using business criticality, likelihood, blast radius, exploitability, change frequency, and remediation leverage.",transformation-planning-team,root-cause-risk-prioritization-AC-02,E3
REQ-05-01-03,functional,root-cause-risk-prioritization,05-planning-transformation,P0,critical,"Account for prerequisite fixes, coupled findings, and risk introduced by change.",transformation-planning-team,root-cause-risk-prioritization-AC-03,E3
REQ-05-01-04,functional,root-cause-risk-prioritization,05-planning-transformation,P0,critical,Keep evidence confidence and unknowns visible in ranking.,transformation-planning-team,root-cause-risk-prioritization-AC-04,E3
REQ-05-01-05,functional,root-cause-risk-prioritization,05-planning-transformation,P0,critical,"Produce quick wins, mandatory controls, enabling foundations, and strategic workstreams.",transformation-planning-team,root-cause-risk-prioritization-AC-05,E3
REQ-05-02-01,functional,business-invariant-recovery,05-planning-transformation,P0,critical,"Derive candidate invariants from requirements, code, tests, data, traces, incidents, policies, and domain experts.",business-semantics-team,business-invariant-recovery-AC-01,E3
REQ-05-02-02,functional,business-invariant-recovery,05-planning-transformation,P0,critical,"Distinguish required behavior, accidental behavior, known defect, tolerated deviation, and desired change.",business-semantics-team,business-invariant-recovery-AC-02,E3
REQ-05-02-03,functional,business-invariant-recovery,05-planning-transformation,P0,critical,"Express invariants as executable contracts, test oracles, temporal properties, schemas, or formal properties where possible.",business-semantics-team,business-invariant-recovery-AC-03,E3
REQ-05-02-04,functional,business-invariant-recovery,05-planning-transformation,P0,critical,"Attach scope, assumptions, owner, evidence, confidence, and change-approval rules.",business-semantics-team,business-invariant-recovery-AC-04,E3
REQ-05-02-05,functional,business-invariant-recovery,05-planning-transformation,P0,critical,Block transformation of critical behavior without an approved invariant or explicit risk acceptance.,business-semantics-team,business-invariant-recovery-AC-05,E3
REQ-05-03-01,functional,target-architecture-alternatives-and-adr,05-planning-transformation,P0,high,"Generate at least conservative, balanced, and strategic alternatives when material architecture change is proposed.",architecture-transformation-team,target-architecture-alternatives-and-adr-AC-01,E3
REQ-05-03-02,functional,target-architecture-alternatives-and-adr,05-planning-transformation,P0,high,"Define module and service boundaries, data ownership, APIs, events, identity, deployment, observability, and operational ownership.",architecture-transformation-team,target-architecture-alternatives-and-adr-AC-02,E3
REQ-05-03-03,functional,target-architecture-alternatives-and-adr,05-planning-transformation,P0,high,"Map every design decision to root causes, invariants, acceptance criteria, and constraints.",architecture-transformation-team,target-architecture-alternatives-and-adr-AC-03,E3
REQ-05-03-04,functional,target-architecture-alternatives-and-adr,05-planning-transformation,P0,high,"Quantify reversibility, migration risk, machine wall-clock, cost, and organizational impact.",architecture-transformation-team,target-architecture-alternatives-and-adr-AC-04,E3
REQ-05-03-05,functional,target-architecture-alternatives-and-adr,05-planning-transformation,P0,high,"Document assumptions, rejected alternatives, review date, and exit triggers in ADRs.",architecture-transformation-team,target-architecture-alternatives-and-adr-AC-05,E3
REQ-05-04-01,functional,transformation-dag-estimation,05-planning-transformation,P0,critical,"Represent every step with preconditions, scope, expected changes, tools, authority, checkpoint, tests, evidence, side effects, and rollback.",transformation-planning-team,transformation-dag-estimation-AC-01,E3
REQ-05-04-02,functional,transformation-dag-estimation,05-planning-transformation,P0,critical,"Order contract, characterization, data, compatibility, and observability work before risky replacement steps.",transformation-planning-team,transformation-dag-estimation-AC-02,E3
REQ-05-04-03,functional,transformation-dag-estimation,05-planning-transformation,P0,critical,Identify safe parallel read work and isolate write work through worktrees or non-overlapping scopes.,transformation-planning-team,transformation-dag-estimation-AC-03,E3
REQ-05-04-04,functional,transformation-dag-estimation,05-planning-transformation,P0,critical,Calculate critical-path machine wall-clock separately from queue and human-review time.,transformation-planning-team,transformation-dag-estimation-AC-04,E3
REQ-05-04-05,functional,transformation-dag-estimation,05-planning-transformation,P0,critical,"Re-plan when evidence, revisions, failures, or approvals change.",transformation-planning-team,transformation-dag-estimation-AC-05,E3
REQ-05-05-01,functional,changeset-commit-and-provenance-governance,05-planning-transformation,P0,critical,"Each ChangeSet must have one purpose, bounded files, linked findings, invariants, plan step, tests, evidence, and rollback.",change-governance-team,changeset-commit-and-provenance-governance-AC-01,E3
REQ-05-05-02,functional,changeset-commit-and-provenance-governance,05-planning-transformation,P0,critical,"Record agent, model, tool, prompt or recipe, environment, input and output hashes, and approvals.",change-governance-team,changeset-commit-and-provenance-governance-AC-02,E3
REQ-05-05-03,functional,changeset-commit-and-provenance-governance,05-planning-transformation,P0,critical,Intercept tool results before commit and reject unexpected file or side-effect deltas.,change-governance-team,changeset-commit-and-provenance-governance-AC-03,E3
REQ-05-05-04,functional,changeset-commit-and-provenance-governance,05-planning-transformation,P0,critical,Prevent self-approval by the producing agent and preserve independent review.,change-governance-team,changeset-commit-and-provenance-governance-AC-04,E3
REQ-05-05-05,functional,changeset-commit-and-provenance-governance,05-planning-transformation,P0,critical,"Support staged integration, conflict detection, revert, and compensation without rewriting audit history.",change-governance-team,changeset-commit-and-provenance-governance-AC-05,E3
REQ-05-06-01,functional,proof-guided-atomic-refactor-execution,05-planning-transformation,P0,critical,"Prefer compiler refactoring APIs, typed LST or AST recipes, and Semantic IR transformations over free-form patches.",transformation-execution-team,proof-guided-atomic-refactor-execution-AC-01,E3
REQ-05-06-02,functional,proof-guided-atomic-refactor-execution,05-planning-transformation,P0,critical,Bind each execution to an invocation-scoped capability lease and environment-owned authority.,transformation-execution-team,proof-guided-atomic-refactor-execution-AC-02,E3
REQ-05-06-03,functional,proof-guided-atomic-refactor-execution,05-planning-transformation,P0,critical,Checkpoint before side effects and after each accepted atomic ChangeSet.,transformation-execution-team,proof-guided-atomic-refactor-execution-AC-03,E3
REQ-05-06-04,functional,proof-guided-atomic-refactor-execution,05-planning-transformation,P0,critical,Generate or update tests and observability before changing high-risk behavior.,transformation-execution-team,proof-guided-atomic-refactor-execution-AC-04,E3
REQ-05-06-05,functional,proof-guided-atomic-refactor-execution,05-planning-transformation,P0,critical,"Stop, compensate, or roll back when proof obligations fail or scope drifts.",transformation-execution-team,proof-guided-atomic-refactor-execution-AC-05,E3
REQ-05-07-01,functional,modernization-strangler-and-rearchitecture,05-planning-transformation,P1,critical,"Classify work as repair, refactor, modernization, rearchitecture, or rewrite and apply the matching proof burden.",modernization-team,modernization-strangler-and-rearchitecture-AC-01,E3
REQ-05-07-02,functional,modernization-strangler-and-rearchitecture,05-planning-transformation,P1,critical,"Preserve external contracts through adapters, façades, dual routes, feature flags, or compatibility layers.",modernization-team,modernization-strangler-and-rearchitecture-AC-02,E3
REQ-05-07-03,functional,modernization-strangler-and-rearchitecture,05-planning-transformation,P1,critical,Migrate by business capability and observable traffic rather than arbitrary file groups.,modernization-team,modernization-strangler-and-rearchitecture-AC-03,E3
REQ-05-07-04,functional,modernization-strangler-and-rearchitecture,05-planning-transformation,P1,critical,"Plan data ownership, backfill, dual-write, event, and rollback semantics before cutover.",modernization-team,modernization-strangler-and-rearchitecture-AC-04,E3
REQ-05-07-05,functional,modernization-strangler-and-rearchitecture,05-planning-transformation,P1,critical,"Retire legacy components only after usage, equivalence, and recovery evidence satisfy policy.",modernization-team,modernization-strangler-and-rearchitecture-AC-05,E3
REQ-05-08-01,functional,cross-language-framework-transformation,05-planning-transformation,P1,critical,"Extract source behavior, type, concurrency, error, resource, serialization, build, and framework semantics into versioned IR.",polyglot-transformation-team,cross-language-framework-transformation-AC-01,E3
REQ-05-08-02,functional,cross-language-framework-transformation,05-planning-transformation,P1,critical,Map constructs through route-specific semantic rules and explicitly register non-isomorphic gaps.,polyglot-transformation-team,cross-language-framework-transformation-AC-02,E3
REQ-05-08-03,functional,cross-language-framework-transformation,05-planning-transformation,P1,critical,Generate idiomatic target architecture and code without weakening required behavior.,polyglot-transformation-team,cross-language-framework-transformation-AC-03,E3
REQ-05-08-04,functional,cross-language-framework-transformation,05-planning-transformation,P1,critical,Compile and run source and target in native toolchains with normalized traces.,polyglot-transformation-team,cross-language-framework-transformation-AC-04,E3
REQ-05-08-05,functional,cross-language-framework-transformation,05-planning-transformation,P1,critical,"Require route-specific fixtures, holdouts, and rollback before replacing source systems.",polyglot-transformation-team,cross-language-framework-transformation-AC-05,E3
REQ-05-09-01,functional,database-schema-routine-data-transformation,05-planning-transformation,P1,critical,"Model source and target types, nulls, collation, precision, transaction, locking, routine, trigger, sequence, and error semantics.",database-transformation-team,database-schema-routine-data-transformation-AC-01,E3
REQ-05-09-02,functional,database-schema-routine-data-transformation,05-planning-transformation,P1,critical,"Generate expand-migrate-contract steps, backfills, CDC, compatibility views, dual reads or writes, and rollback.",database-transformation-team,database-schema-routine-data-transformation-AC-02,E3
REQ-05-09-03,functional,database-schema-routine-data-transformation,05-planning-transformation,P1,critical,"Reconcile row counts, keys, relationships, states, monetary totals, checksums, and domain invariants.",database-transformation-team,database-schema-routine-data-transformation-AC-03,E3
REQ-05-09-04,functional,database-schema-routine-data-transformation,05-planning-transformation,P1,critical,"Preserve or explicitly re-approve authorization, ownership, audit, retention, and deletion behavior.",database-transformation-team,database-schema-routine-data-transformation-AC-04,E3
REQ-05-09-05,functional,database-schema-routine-data-transformation,05-planning-transformation,P1,critical,"Validate application queries, ORMs, reports, and operational procedures against the target engine.",database-transformation-team,database-schema-routine-data-transformation-AC-05,E3
REQ-06-01-01,functional,characterization-differential-mutation-verification,06-verification-release-operations,P0,critical,"Derive verification obligations from acceptance criteria, invariants, findings, changes, and risk.",verification-engineering-team,characterization-differential-mutation-verification-AC-01,E3
REQ-06-01-02,functional,characterization-differential-mutation-verification,06-verification-release-operations,P0,critical,"Compare source and target values, errors, data mutations, events, side effects, states, timing, and user-visible behavior under normalized semantics.",verification-engineering-team,characterization-differential-mutation-verification-AC-02,E3
REQ-06-01-03,functional,characterization-differential-mutation-verification,06-verification-release-operations,P0,critical,"Classify differences as exact failure, normalized equivalence, tolerated range, approved change, unknown, or oracle defect.",verification-engineering-team,characterization-differential-mutation-verification-AC-03,E3
REQ-06-01-04,functional,characterization-differential-mutation-verification,06-verification-release-operations,P0,critical,Evaluate test strength through mutation or equivalent fault seeding on critical paths.,verification-engineering-team,characterization-differential-mutation-verification-AC-04,E3
REQ-06-01-05,functional,characterization-differential-mutation-verification,06-verification-release-operations,P0,critical,Keep verifier execution and completion decisions independent from the producer.,verification-engineering-team,characterization-differential-mutation-verification-AC-05,E3
REQ-06-02-01,functional,formal-assurance-routing,06-verification-release-operations,P1,critical,"Select formal methods only where risk, tractability, and property shape justify them.",formal-assurance-team,formal-assurance-routing-AC-01,E3
REQ-06-02-02,functional,formal-assurance-routing,06-verification-release-operations,P1,critical,"Represent modeling assumptions, abstractions, environment constraints, and trusted components explicitly.",formal-assurance-team,formal-assurance-routing-AC-02,E3
REQ-06-02-03,functional,formal-assurance-routing,06-verification-release-operations,P1,critical,"Check state safety, liveness, concurrency, permissions, conservation, migration mapping, or protocol behavior as applicable.",formal-assurance-team,formal-assurance-routing-AC-03,E3
REQ-06-02-04,functional,formal-assurance-routing,06-verification-release-operations,P1,critical,"Store proof artifacts, checker versions, commands, results, counterexamples, and translation links.",formal-assurance-team,formal-assurance-routing-AC-04,E3
REQ-06-02-05,functional,formal-assurance-routing,06-verification-release-operations,P1,critical,"Use proof results as evidence inputs, never as blanket system certification.",formal-assurance-team,formal-assurance-routing-AC-05,E3
REQ-06-03-01,functional,e0-e3-readiness-and-evidence-bundle,06-verification-release-operations,P0,critical,"E0 requires asset and RevisionSet identity; E1 requires reproducible native build status; E2 requires approved behavior and test evidence; E3 requires non-functional, security, migration, and recovery readiness evidence.",independent-assurance-team,e0-e3-readiness-and-evidence-bundle-AC-01,E3
REQ-06-03-02,functional,e0-e3-readiness-and-evidence-bundle,06-verification-release-operations,P0,critical,"Bind every claim to exact repository, environment, model, tool, database, policy, and artifact versions.",independent-assurance-team,e0-e3-readiness-and-evidence-bundle-AC-02,E3
REQ-06-03-03,functional,e0-e3-readiness-and-evidence-bundle,06-verification-release-operations,P0,critical,"Block UNKNOWN, UNSUPPORTED, stale evidence, unresolved critical side effects, and missing approvals.",independent-assurance-team,e0-e3-readiness-and-evidence-bundle-AC-03,E3
REQ-06-03-04,functional,e0-e3-readiness-and-evidence-bundle,06-verification-release-operations,P0,critical,Ensure K8 or equivalent independent completion authority makes the decision.,independent-assurance-team,e0-e3-readiness-and-evidence-bundle-AC-04,E3
REQ-06-03-05,functional,e0-e3-readiness-and-evidence-bundle,06-verification-release-operations,P0,critical,"State clearly that this capability package cannot issue E4, E5, P05, customer, regulatory, or accredited certification.",independent-assurance-team,e0-e3-readiness-and-evidence-bundle-AC-05,E3
REQ-06-04-01,functional,shadow-dual-run-canary-rollback-preparation,06-verification-release-operations,P1,critical,"Define cohorts, traffic percentages, observation windows, success metrics, error budgets, and automatic rollback triggers.",release-engineering-team,shadow-dual-run-canary-rollback-preparation-AC-01,E3
REQ-06-04-02,functional,shadow-dual-run-canary-rollback-preparation,06-verification-release-operations,P1,critical,Prevent shadow or dual runs from duplicating external side effects unless an approved idempotent isolation method exists.,release-engineering-team,shadow-dual-run-canary-rollback-preparation-AC-02,E3
REQ-06-04-03,functional,shadow-dual-run-canary-rollback-preparation,06-verification-release-operations,P1,critical,"Reconcile behavior, data, events, latency, cost, and user outcomes between old and new paths.",release-engineering-team,shadow-dual-run-canary-rollback-preparation-AC-03,E3
REQ-06-04-04,functional,shadow-dual-run-canary-rollback-preparation,06-verification-release-operations,P1,critical,"Test rollback, compensation, feature-flag failure, and data compatibility before authorized production use.",release-engineering-team,shadow-dual-run-canary-rollback-preparation-AC-04,E3
REQ-06-04-05,functional,shadow-dual-run-canary-rollback-preparation,06-verification-release-operations,P1,critical,Produce a handoff packet for independent E4/E5 execution rather than self-certifying.,release-engineering-team,shadow-dual-run-canary-rollback-preparation-AC-05,E3
REQ-06-05-01,functional,incident-triage-remediation-and-postmortem,06-verification-release-operations,P1,critical,"Prioritize safety, containment, service restoration, data integrity, and communication before structural improvement.",incident-response-team,incident-triage-remediation-and-postmortem-AC-01,E3
REQ-06-05-02,functional,incident-triage-remediation-and-postmortem,06-verification-release-operations,P1,critical,"Use verified security context, incident-specific authority, and explicit command or write approvals.",incident-response-team,incident-triage-remediation-and-postmortem-AC-02,E3
REQ-06-05-03,functional,incident-triage-remediation-and-postmortem,06-verification-release-operations,P1,critical,"Build a time-ordered evidence timeline across users, releases, telemetry, dependencies, and side effects.",incident-response-team,incident-triage-remediation-and-postmortem-AC-03,E3
REQ-06-05-04,functional,incident-triage-remediation-and-postmortem,06-verification-release-operations,P1,critical,"Separate trigger, root cause, contributing conditions, detection gaps, and recovery gaps.",incident-response-team,incident-triage-remediation-and-postmortem-AC-04,E3
REQ-06-05-05,functional,incident-triage-remediation-and-postmortem,06-verification-release-operations,P1,critical,"Convert material lessons into repository rules, skills, scripts, tests, policies, or no change according to ownership.",incident-response-team,incident-triage-remediation-and-postmortem-AC-05,E3
REQ-06-06-01,functional,final-handoff-training-support,06-verification-release-operations,P1,high,"Package architecture, operation, recovery, security, data, deployment, verification, and known-risk knowledge.",customer-adoption-team,final-handoff-training-support-AC-01,E3
REQ-06-06-02,functional,final-handoff-training-support,06-verification-release-operations,P1,high,"Assign named owners, escalation paths, SLO responsibilities, access, and support windows.",customer-adoption-team,final-handoff-training-support-AC-02,E3
REQ-06-06-03,functional,final-handoff-training-support,06-verification-release-operations,P1,high,"Provide role-specific training and exercises, including failure and rollback scenarios.",customer-adoption-team,final-handoff-training-support-AC-03,E3
REQ-06-06-04,functional,final-handoff-training-support,06-verification-release-operations,P1,high,Verify runbooks through walkthrough or game-day evidence rather than document existence alone.,customer-adoption-team,final-handoff-training-support-AC-04,E3
REQ-06-06-05,functional,final-handoff-training-support,06-verification-release-operations,P1,high,Preserve customer-specific confidentiality and data-use restrictions.,customer-adoption-team,final-handoff-training-support-AC-05,E3
REQ-06-07-01,functional,reusable-recipe-skill-learning,06-verification-release-operations,P2,high,"Require evidence of recurrence, bounded responsibility, independent validation, and clear ownership before creating a new Skill.",capability-learning-team,reusable-recipe-skill-learning-AC-01,E3
REQ-06-07-02,functional,reusable-recipe-skill-learning,06-verification-release-operations,P2,high,"Prefer updating existing instructions, references, scripts, adapters, tests, or policies over adding overlapping capabilities.",capability-learning-team,reusable-recipe-skill-learning-AC-02,E3
REQ-06-07-03,functional,reusable-recipe-skill-learning,06-verification-release-operations,P2,high,Separate tenant-local learning from globally eligible artifacts under explicit consent.,capability-learning-team,reusable-recipe-skill-learning-AC-03,E3
REQ-06-07-04,functional,reusable-recipe-skill-learning,06-verification-release-operations,P2,high,"Sanitize examples, remove secrets and identifiers, and preserve provenance and license constraints.",capability-learning-team,reusable-recipe-skill-learning-AC-04,E3
REQ-06-07-05,functional,reusable-recipe-skill-learning,06-verification-release-operations,P2,high,"Evaluate trigger precision, workflow correctness, approval boundaries, and regression behavior before release.",capability-learning-team,reusable-recipe-skill-learning-AC-05,E3
REQ-06-08-01,functional,portfolio-multi-repository-governance,06-verification-release-operations,P2,high,"Build a portfolio graph of repositories, shared libraries, APIs, data, events, teams, environments, and release dependencies.",portfolio-modernization-team,portfolio-multi-repository-governance-AC-01,E3
REQ-06-08-02,functional,portfolio-multi-repository-governance,06-verification-release-operations,P2,high,"Normalize risk and readiness by size, criticality, support depth, evidence coverage, and unknowns.",portfolio-modernization-team,portfolio-multi-repository-governance-AC-02,E3
REQ-06-08-03,functional,portfolio-multi-repository-governance,06-verification-release-operations,P2,high,"Identify common root causes, reusable migration waves, shared blockers, and systemic dependencies.",portfolio-modernization-team,portfolio-multi-repository-governance-AC-03,E3
REQ-06-08-04,functional,portfolio-multi-repository-governance,06-verification-release-operations,P2,high,"Plan capacity, machine wall-clock, cost, change windows, and rollback domains across programs.",portfolio-modernization-team,portfolio-multi-repository-governance-AC-04,E3
REQ-06-08-05,functional,portfolio-multi-repository-governance,06-verification-release-operations,P2,high,Prevent portfolio rollups from masking repository-specific unsupported or critical conditions.,portfolio-modernization-team,portfolio-multi-repository-governance-AC-05,E3
REQ-06-09-01,functional,product-feedback-roadmap-loop,06-verification-release-operations,P2,medium,"Normalize requests by user, workflow, problem, business impact, frequency, strategic fit, implementation leverage, and evidence quality.",product-strategy-team,product-feedback-roadmap-loop-AC-01,E2
REQ-06-09-02,functional,product-feedback-roadmap-loop,06-verification-release-operations,P2,medium,Separate one-off custom work from reusable product opportunity.,product-strategy-team,product-feedback-roadmap-loop-AC-02,E2
REQ-06-09-03,functional,product-feedback-roadmap-loop,06-verification-release-operations,P2,medium,"Link requests to findings, adoption data, incidents, lost deals, and existing capabilities.",product-strategy-team,product-feedback-roadmap-loop-AC-03,E2
REQ-06-09-04,functional,product-feedback-roadmap-loop,06-verification-release-operations,P2,medium,Preserve tenant confidentiality and aggregate only under permitted policies.,product-strategy-team,product-feedback-roadmap-loop-AC-04,E2
REQ-06-09-05,functional,product-feedback-roadmap-loop,06-verification-release-operations,P2,medium,Return decisions and workarounds to delivery teams without implying commitment.,product-strategy-team,product-feedback-roadmap-loop-AC-05,E2
NFR-001,non-functional,cross-cutting,00-global,P0,high,"No data, artifact, cache, telemetry, vector, graph, credential, or execution context may cross tenant boundaries.",platform-governance-team,Tenant isolation,E3
NFR-002,non-functional,cross-cutting,00-global,P0,high,All tool and connector capabilities are denied unless granted by an invocation-scoped lease.,platform-governance-team,Default-deny authority,E3
NFR-003,non-functional,cross-cutting,00-global,P0,high,Authority must belong to the actual execution environment and survive resume without widening.,platform-governance-team,Environment ownership,E3
NFR-004,non-functional,cross-cutting,00-global,P0,high,"Privileged requests must carry a host-minted, integrity-protected security context.",platform-governance-team,Verified security context,E3
NFR-005,non-functional,cross-cutting,00-global,P0,high,Replaced or stale executors must be unable to commit results or effects.,platform-governance-team,Remote executor fencing,E3
NFR-006,non-functional,cross-cutting,00-global,P0,high,"Every tool result must be intercepted, typed, policy-checked, and attached to the correct invocation before commit.",platform-governance-team,Result interception,E3
NFR-007,non-functional,cross-cutting,00-global,P0,high,"Repository changes must be purpose-bounded, independently verifiable, and individually reversible.",platform-governance-team,Atomic commit,E3
NFR-008,non-functional,cross-cutting,00-global,P0,high,"Retry or resume must not duplicate repository, database, message, billing, or external side effects.",platform-governance-team,Idempotency,E3
NFR-009,non-functional,cross-cutting,00-global,P0,high,"Accepted progress must survive process, worker, and network failure according to the task durability class.",platform-governance-team,Checkpoint durability,E3
NFR-010,non-functional,cross-cutting,00-global,P0,high,Long-running jobs must support bounded cancellation and explicit effect reconciliation.,platform-governance-team,Cancellation,E3
NFR-011,non-functional,cross-cutting,00-global,P0,high,"Every material decision, tool call, artifact, approval, waiver, and state transition must be attributable and queryable.",platform-governance-team,Auditability,E3
NFR-012,non-functional,cross-cutting,00-global,P0,high,"All source, generated, evidence, model, tool, and deployment artifacts must use immutable content identity.",platform-governance-team,Artifact identity,E3
NFR-013,non-functional,cross-cutting,00-global,P0,high,"Evidence reuse must be invalidated by incompatible changes to revisions, environments, policies, tools, models, databases, or adapters.",platform-governance-team,Evidence freshness,E3
NFR-014,non-functional,cross-cutting,00-global,P0,high,The producer of a change or claim must not be the sole verifier or completion authority.,platform-governance-team,Independent verification,E3
NFR-015,non-functional,cross-cutting,00-global,P0,high,"Unknown, unsupported, inaccessible, ambiguous, and stale areas must remain visible in all completion statements.",platform-governance-team,Honest completeness,E3
NFR-016,non-functional,cross-cutting,00-global,P0,high,"The capability package may claim E3 readiness at most and must never issue E4, E5, P05, regulatory, or customer certification.",platform-governance-team,Production claim boundary,E3
NFR-017,non-functional,cross-cutting,00-global,P0,high,"Only data necessary for the approved purpose may be read, retained, displayed, or sent to a model.",platform-governance-team,Data minimization,E3
NFR-018,non-functional,cross-cutting,00-global,P0,high,"Secrets must be brokered to tools and never copied into model-visible prompts, logs, or artifacts.",platform-governance-team,Secret isolation,E3
NFR-019,non-functional,cross-cutting,00-global,P0,high,"Storage, processing, backup, telemetry, and model routing must honor tenant and engagement residency policy.",platform-governance-team,Data residency,E3
NFR-020,non-functional,cross-cutting,00-global,P0,high,"Artifacts and derived data must have explicit retention, legal hold, deletion, and cryptographic erasure behavior.",platform-governance-team,Retention and deletion,E3
NFR-021,non-functional,cross-cutting,00-global,P0,high,Sensitive data must be encrypted in transit and at rest with customer-appropriate key ownership.,platform-governance-team,Encryption,E3
NFR-022,non-functional,cross-cutting,00-global,P0,high,"Build inputs, dependencies, images, tools, and outputs require provenance, integrity checks, and policy evaluation.",platform-governance-team,Supply-chain integrity,E3
NFR-023,non-functional,cross-cutting,00-global,P0,high,Schedulers and quotas must prevent one tenant or repository from starving others.,platform-governance-team,Multi-tenant fairness,E3
NFR-024,non-functional,cross-cutting,00-global,P0,high,"Queues, event streams, model calls, and analysis workers must have bounded concurrency and backpressure.",platform-governance-team,Backpressure,E3
NFR-025,non-functional,cross-cutting,00-global,P0,high,Interactive control-plane operations should meet the configured p95 latency objective excluding long-running jobs.,platform-governance-team,Control-plane responsiveness,E3
NFR-026,non-functional,cross-cutting,00-global,P0,high,"Long jobs must emit monotonic, evidence-backed progress and blocker states.",platform-governance-team,Progress visibility,E3
NFR-027,non-functional,cross-cutting,00-global,P0,high,Stateless coordinators and partitionable workers must scale independently without changing semantic ownership.,platform-governance-team,Horizontal scale,E3
NFR-028,non-functional,cross-cutting,00-global,P0,high,The architecture must support controlled pilots above 500k LOC and at least one benchmark above 1M LOC before commercial claims.,platform-governance-team,Large-repository readiness,E3
NFR-029,non-functional,cross-cutting,00-global,P0,high,Unchanged artifacts and compatible evidence should be reused by content identity rather than rescanned blindly.,platform-governance-team,Incremental analysis,E3
NFR-030,non-functional,cross-cutting,00-global,P0,high,A run must be reproducible from pinned inputs or explicitly state sources of nondeterminism.,platform-governance-team,Deterministic replay,E3
NFR-031,non-functional,cross-cutting,00-global,P0,high,"Trace, metrics, structured logs, profiles, policy decisions, and artifact identities must correlate by tenant, engagement, run, step, and revision.",platform-governance-team,Observability,E3
NFR-032,non-functional,cross-cutting,00-global,P0,high,"Each production service and workflow requires defined SLIs, SLOs, error budgets, owners, and escalation.",platform-governance-team,SLO ownership,E3
NFR-033,non-functional,cross-cutting,00-global,P0,high,"Unavailable models, analyzers, connectors, or services must produce controlled degradation or explicit blockers, never silent omission.",platform-governance-team,Graceful degradation,E3
NFR-034,non-functional,cross-cutting,00-global,P0,high,"Backup, restore, failover, replay, and disaster-recovery procedures must be testable and evidence-producing.",platform-governance-team,Recovery,E3
NFR-035,non-functional,cross-cutting,00-global,P0,high,"Public APIs, events, schemas, CLI output, and persisted contracts require versioning and backward-compatibility policy.",platform-governance-team,Compatibility,E3
NFR-036,non-functional,cross-cutting,00-global,P0,high,"Language, framework, database, scanner, model, connector, and runtime integrations must use replaceable adapters.",platform-governance-team,Extensibility,E3
NFR-037,non-functional,cross-cutting,00-global,P0,high,Adapters may produce candidate artifacts and evidence but cannot own semantic truth or completion status.,platform-governance-team,Adapter non-authority,E3
NFR-038,non-functional,cross-cutting,00-global,P0,high,User-facing product surfaces must support configured accessibility targets and keyboard-complete critical workflows.,platform-governance-team,Accessibility,E3
NFR-039,non-functional,cross-cutting,00-global,P0,high,"Time, locale, currency, units, encoding, text direction, and translation must be explicit and testable.",platform-governance-team,Internationalization,E3
NFR-040,non-functional,cross-cutting,00-global,P0,high,"Critical FDE and approval workflows must expose evidence, risk, scope, and next action without requiring raw log inspection.",platform-governance-team,Usability,E3
NFR-041,non-functional,cross-cutting,00-global,P0,high,"Model, compute, storage, network, license, and human-review costs must be separately attributable.",platform-governance-team,Cost attribution,E3
NFR-042,non-functional,cross-cutting,00-global,P0,high,"Estimates and actuals must report machine wall-clock, queue, and human-review time separately.",platform-governance-team,Machine time,E3
NFR-043,non-functional,cross-cutting,00-global,P0,high,"Tenant, engagement, route, model, tool, and worker budgets require alert, throttle, stop, and approval policies.",platform-governance-team,Budget enforcement,E3
NFR-044,non-functional,cross-cutting,00-global,P0,high,"Model choice must consider task ambiguity, evidence risk, privacy, latency, cost, and provider policy.",platform-governance-team,Safe model routing,E3
NFR-045,non-functional,cross-cutting,00-global,P0,high,"Canonical task, tool, result, evidence, and checkpoint contracts must not depend on one provider.",platform-governance-team,Model/provider portability,E3
NFR-046,non-functional,cross-cutting,00-global,P0,high,"Noisy or probabilistic evaluations require sample size, variance, uncertainty, segmentation, and decision rules.",platform-governance-team,Statistical rigor,E3
NFR-047,non-functional,cross-cutting,00-global,P0,high,Failed cases and contradictory evidence must be retained as first-class artifacts.,platform-governance-team,Counterexample retention,E3
NFR-048,non-functional,cross-cutting,00-global,P0,high,Consequential deterministic controls should be enforceable through versioned policy or validation code.,platform-governance-team,Policy as code,E3
NFR-049,non-functional,cross-cutting,00-global,P0,high,"Irreversible, destructive, privileged, regulated, or production-impacting actions require named human approval.",platform-governance-team,Human approvals,E3
NFR-050,non-functional,cross-cutting,00-global,P0,high,"Planning, execution, verification, waiver, and certification roles must be independently assignable.",platform-governance-team,Separation of duties,E3
NFR-051,non-functional,cross-cutting,00-global,P0,high,Each write-heavy agent or plan step must use an isolated workspace or non-overlapping file scope.,platform-governance-team,Workspace isolation,E3
NFR-052,non-functional,cross-cutting,00-global,P0,high,Agents should receive a map and task-relevant references rather than a monolithic instruction dump.,platform-governance-team,Context control,E3
NFR-053,non-functional,cross-cutting,00-global,P0,high,"Architecture, runbooks, rules, and capability catalogs require owners, freshness checks, and broken-link validation.",platform-governance-team,Documentation integrity,E3
NFR-054,non-functional,cross-cutting,00-global,P0,high,"Skills require positive, contextual, negative-control, and adjacent-intent eval cases.",platform-governance-team,Skill trigger quality,E3
NFR-055,non-functional,cross-cutting,00-global,P0,high,"Package installation must support dry-run, clean-state checks, backup, receipt, modified-file protection, and reversible uninstall.",platform-governance-team,Safe installation,E3
NFR-056,non-functional,cross-cutting,00-global,P0,high,Repeated release builds from identical inputs must have stable file sets and hashes.,platform-governance-team,Deterministic release archive,E3
NFR-057,non-functional,cross-cutting,00-global,P0,high,"Schema and contract migrations must be additive-first, replayable, reconciled, and rollback-aware.",platform-governance-team,Migration safety,E3
NFR-058,non-functional,cross-cutting,00-global,P0,high,"The extension must not create a second Goal store, AI-SIR owner, runtime authority, or completion authority.",platform-governance-team,No duplicate ownership,E3
NFR-059,non-functional,cross-cutting,00-global,P0,high,"Billing, quotas, support entitlements, and contract terms must not alter technical evidence or completion results.",platform-governance-team,Commercial isolation,E3
NFR-060,non-functional,cross-cutting,00-global,P0,high,"Customers must be able to export approved reports, evidence indexes, changes, and runbooks in stable machine-readable formats.",platform-governance-team,Customer export,E3
GOV-001,governance,cross-cutting,00-global,P0,high,Every capability has one accountable owner and one canonical authority path.,platform-governance-team,governance-policy-and-audit,E3
GOV-002,governance,cross-cutting,00-global,P0,high,Every Skill is non-routable and is activated only by an existing canonical route owner.,platform-governance-team,governance-policy-and-audit,E3
GOV-003,governance,cross-cutting,00-global,P0,high,Every Adapter is replaceable and cannot certify its own result.,platform-governance-team,governance-policy-and-audit,E3
GOV-004,governance,cross-cutting,00-global,P0,high,Every material claim references exact supporting and contradicting evidence.,platform-governance-team,governance-policy-and-audit,E3
GOV-005,governance,cross-cutting,00-global,P0,high,"Every production-impacting effect has an approval, idempotency key, checkpoint, and compensation or rollback strategy.",platform-governance-team,governance-policy-and-audit,E3
GOV-006,governance,cross-cutting,00-global,P0,high,"Every release decision states scope, assumptions, unknowns, unsupported areas, waivers, and invalidation triggers.",platform-governance-team,governance-policy-and-audit,E3
GOV-007,governance,cross-cutting,00-global,P0,high,"Every waiver has a named risk owner, expiry, scope, rationale, compensating control, and revalidation trigger.",platform-governance-team,governance-policy-and-audit,E3
GOV-008,governance,cross-cutting,00-global,P0,high,Every new Skill passes non-duplication review against the capability graph.,platform-governance-team,governance-policy-and-audit,E3
GOV-009,governance,cross-cutting,00-global,P0,high,"Every reusable learning artifact follows tenant consent, redaction, provenance, and license policy.",platform-governance-team,governance-policy-and-audit,E3
GOV-010,governance,cross-cutting,00-global,P0,high,"Every repository rule includes positive violation, safe counterexample, and unrelated-change tests.",platform-governance-team,governance-policy-and-audit,E3
GOV-011,governance,cross-cutting,00-global,P0,high,"Every Golden Route defines supported versions, fixture corpus, native runtime lab, failure corpus, and readiness gates.",platform-governance-team,governance-policy-and-audit,E3
GOV-012,governance,cross-cutting,00-global,P0,high,"Every machine estimate separates wall-clock, queue, compute cost, model cost, storage, network, and human review.",platform-governance-team,governance-policy-and-audit,E3
GOV-013,governance,cross-cutting,00-global,P0,high,"Every large change is decomposed into reviewable, reversible ChangeSets.",platform-governance-team,governance-policy-and-audit,E3
GOV-014,governance,cross-cutting,00-global,P0,high,"Every critical user journey maps to acceptance criteria, code, data, tests, telemetry, and owner.",platform-governance-team,governance-policy-and-audit,E3
GOV-015,governance,cross-cutting,00-global,P0,high,"Every unknown has impact, owner, resolution path, deadline or accepted permanence, and release effect.",platform-governance-team,governance-policy-and-audit,E3
GOV-016,governance,cross-cutting,00-global,P0,high,"Every external connector declares data classes, read/write authority, side effects, rate limits, and failure semantics.",platform-governance-team,governance-policy-and-audit,E3
GOV-017,governance,cross-cutting,00-global,P0,high,"Every skill, model, tool, policy, adapter, schema, and protocol update triggers scoped evidence invalidation.",platform-governance-team,governance-policy-and-audit,E3
GOV-018,governance,cross-cutting,00-global,P0,high,"Every incident postmortem classifies improvements into AGENTS, harness, Skill, reference, script, test, adapter, policy, new Skill, or no change.",platform-governance-team,governance-policy-and-audit,E3
GOV-019,governance,cross-cutting,00-global,P0,high,Every E3 result is explicitly distinguished from E4/E5/P05 or customer production certification.,platform-governance-team,governance-policy-and-audit,E3
GOV-020,governance,cross-cutting,00-global,P0,high,Every customer-facing report derives status from ledgers and evidence rather than plan text or agent self-report.,platform-governance-team,governance-policy-and-audit,E3
