id,skillId,kind,title,preconditions,expected
SCN-01-01-01,stakeholder-workflow-discovery,positive-or-edge,New customer discovery with incomplete documentation,"[""Exact tenant, engagement, RevisionSet and policy are known""]","[""Typed output"", ""Evidence and unknowns retained"", ""No authority escalation"", ""Independent verification handoff""]"
SCN-01-01-02,stakeholder-workflow-discovery,positive-or-edge,Conflicting business and engineering descriptions,"[""Exact tenant, engagement, RevisionSet and policy are known""]","[""Typed output"", ""Evidence and unknowns retained"", ""No authority escalation"", ""Independent verification handoff""]"
SCN-01-01-03,stakeholder-workflow-discovery,positive-or-edge,Workflow contains manual shadow steps,"[""Exact tenant, engagement, RevisionSet and policy are known""]","[""Typed output"", ""Evidence and unknowns retained"", ""No authority escalation"", ""Independent verification handoff""]"
NEG-01-01-01,stakeholder-workflow-discovery,negative-trigger,implement a known code change,"[""Request resembles adjacent work but is outside this Skill ownership""]","[""Skill does not activate or delegates to canonical owner"", ""No side effect"", ""Decision is auditable""]"
NEG-01-01-02,stakeholder-workflow-discovery,negative-trigger,summarize an already approved specification,"[""Request resembles adjacent work but is outside this Skill ownership""]","[""Skill does not activate or delegates to canonical owner"", ""No side effect"", ""Decision is auditable""]"
SCN-01-02-01,business-baseline-roi,positive-or-edge,No trustworthy baseline exists,"[""Exact tenant, engagement, RevisionSet and policy are known""]","[""Typed output"", ""Evidence and unknowns retained"", ""No authority escalation"", ""Independent verification handoff""]"
SCN-01-02-02,business-baseline-roi,positive-or-edge,Savings depend on user adoption,"[""Exact tenant, engagement, RevisionSet and policy are known""]","[""Typed output"", ""Evidence and unknowns retained"", ""No authority escalation"", ""Independent verification handoff""]"
SCN-01-02-03,business-baseline-roi,positive-or-edge,Compute cost could erase operational benefit,"[""Exact tenant, engagement, RevisionSet and policy are known""]","[""Typed output"", ""Evidence and unknowns retained"", ""No authority escalation"", ""Independent verification handoff""]"
NEG-01-02-01,business-baseline-roi,negative-trigger,financial audit,"[""Request resembles adjacent work but is outside this Skill ownership""]","[""Skill does not activate or delegates to canonical owner"", ""No side effect"", ""Decision is auditable""]"
NEG-01-02-02,business-baseline-roi,negative-trigger,guaranteed savings claim,"[""Request resembles adjacent work but is outside this Skill ownership""]","[""Skill does not activate or delegates to canonical owner"", ""No side effect"", ""Decision is auditable""]"
NEG-01-02-03,business-baseline-roi,negative-trigger,pricing without scope,"[""Request resembles adjacent work but is outside this Skill ownership""]","[""Skill does not activate or delegates to canonical owner"", ""No side effect"", ""Decision is auditable""]"
SCN-01-03-01,pilot-scope-sow-acceptance,positive-or-edge,Two-week pilot with production integration requested,"[""Exact tenant, engagement, RevisionSet and policy are known""]","[""Typed output"", ""Evidence and unknowns retained"", ""No authority escalation"", ""Independent verification handoff""]"
SCN-01-03-02,pilot-scope-sow-acceptance,positive-or-edge,Scope expands after discovery,"[""Exact tenant, engagement, RevisionSet and policy are known""]","[""Typed output"", ""Evidence and unknowns retained"", ""No authority escalation"", ""Independent verification handoff""]"
SCN-01-03-03,pilot-scope-sow-acceptance,positive-or-edge,Acceptance criteria conflict across stakeholders,"[""Exact tenant, engagement, RevisionSet and policy are known""]","[""Typed output"", ""Evidence and unknowns retained"", ""No authority escalation"", ""Independent verification handoff""]"
NEG-01-03-01,pilot-scope-sow-acceptance,negative-trigger,unbounded build everything request,"[""Request resembles adjacent work but is outside this Skill ownership""]","[""Skill does not activate or delegates to canonical owner"", ""No side effect"", ""Decision is auditable""]"
NEG-01-03-02,pilot-scope-sow-acceptance,negative-trigger,production approval without evidence,"[""Request resembles adjacent work but is outside this Skill ownership""]","[""Skill does not activate or delegates to canonical owner"", ""No side effect"", ""Decision is auditable""]"
SCN-01-04-01,status-risk-decision-communications,positive-or-edge,Weekly delivery review,"[""Exact tenant, engagement, RevisionSet and policy are known""]","[""Typed output"", ""Evidence and unknowns retained"", ""No authority escalation"", ""Independent verification handoff""]"
SCN-01-04-02,status-risk-decision-communications,positive-or-edge,Critical blocker requires sponsor decision,"[""Exact tenant, engagement, RevisionSet and policy are known""]","[""Typed output"", ""Evidence and unknowns retained"", ""No authority escalation"", ""Independent verification handoff""]"
SCN-01-04-03,status-risk-decision-communications,positive-or-edge,Executive demo readiness update,"[""Exact tenant, engagement, RevisionSet and policy are known""]","[""Typed output"", ""Evidence and unknowns retained"", ""No authority escalation"", ""Independent verification handoff""]"
NEG-01-04-01,status-risk-decision-communications,negative-trigger,marketing copy,"[""Request resembles adjacent work but is outside this Skill ownership""]","[""Skill does not activate or delegates to canonical owner"", ""No side effect"", ""Decision is auditable""]"
NEG-01-04-02,status-risk-decision-communications,negative-trigger,claim completion from plans only,"[""Request resembles adjacent work but is outside this Skill ownership""]","[""Skill does not activate or delegates to canonical owner"", ""No side effect"", ""Decision is auditable""]"
SCN-01-05-01,procurement-security-questionnaire,positive-or-edge,Enterprise security questionnaire,"[""Exact tenant, engagement, RevisionSet and policy are known""]","[""Typed output"", ""Evidence and unknowns retained"", ""No authority escalation"", ""Independent verification handoff""]"
SCN-01-05-02,procurement-security-questionnaire,positive-or-edge,RFP asks for certification not yet earned,"[""Exact tenant, engagement, RevisionSet and policy are known""]","[""Typed output"", ""Evidence and unknowns retained"", ""No authority escalation"", ""Independent verification handoff""]"
SCN-01-05-03,procurement-security-questionnaire,positive-or-edge,Customer requires data residency evidence,"[""Exact tenant, engagement, RevisionSet and policy are known""]","[""Typed output"", ""Evidence and unknowns retained"", ""No authority escalation"", ""Independent verification handoff""]"
NEG-01-05-01,procurement-security-questionnaire,negative-trigger,invent compliance status,"[""Request resembles adjacent work but is outside this Skill ownership""]","[""Skill does not activate or delegates to canonical owner"", ""No side effect"", ""Decision is auditable""]"
NEG-01-05-02,procurement-security-questionnaire,negative-trigger,legal conclusion,"[""Request resembles adjacent work but is outside this Skill ownership""]","[""Skill does not activate or delegates to canonical owner"", ""No side effect"", ""Decision is auditable""]"
NEG-01-05-03,procurement-security-questionnaire,negative-trigger,claim unexecuted control,"[""Request resembles adjacent work but is outside this Skill ownership""]","[""Skill does not activate or delegates to canonical owner"", ""No side effect"", ""Decision is auditable""]"
SCN-01-06-01,adoption-change-management,positive-or-edge,Pilot works technically but usage is low,"[""Exact tenant, engagement, RevisionSet and policy are known""]","[""Typed output"", ""Evidence and unknowns retained"", ""No authority escalation"", ""Independent verification handoff""]"
SCN-01-06-02,adoption-change-management,positive-or-edge,Operations team refuses ownership,"[""Exact tenant, engagement, RevisionSet and policy are known""]","[""Typed output"", ""Evidence and unknowns retained"", ""No authority escalation"", ""Independent verification handoff""]"
SCN-01-06-03,adoption-change-management,positive-or-edge,Training must differ by role,"[""Exact tenant, engagement, RevisionSet and policy are known""]","[""Typed output"", ""Evidence and unknowns retained"", ""No authority escalation"", ""Independent verification handoff""]"
NEG-01-06-01,adoption-change-management,negative-trigger,code refactor only,"[""Request resembles adjacent work but is outside this Skill ownership""]","[""Skill does not activate or delegates to canonical owner"", ""No side effect"", ""Decision is auditable""]"
NEG-01-06-02,adoption-change-management,negative-trigger,user surveillance without consent,"[""Request resembles adjacent work but is outside this Skill ownership""]","[""Skill does not activate or delegates to canonical owner"", ""No side effect"", ""Decision is auditable""]"
SCN-02-01-01,repository-custody-and-revisionset,positive-or-edge,Multi-repository product with inconsistent branches,"[""Exact tenant, engagement, RevisionSet and policy are known""]","[""Typed output"", ""Evidence and unknowns retained"", ""No authority escalation"", ""Independent verification handoff""]"
SCN-02-01-02,repository-custody-and-revisionset,positive-or-edge,Submodule commit is unavailable,"[""Exact tenant, engagement, RevisionSet and policy are known""]","[""Typed output"", ""Evidence and unknowns retained"", ""No authority escalation"", ""Independent verification handoff""]"
SCN-02-01-03,repository-custody-and-revisionset,positive-or-edge,Customer supplies source archive without Git history,"[""Exact tenant, engagement, RevisionSet and policy are known""]","[""Typed output"", ""Evidence and unknowns retained"", ""No authority escalation"", ""Independent verification handoff""]"
NEG-02-01-01,repository-custody-and-revisionset,negative-trigger,scan an unapproved repository,"[""Request resembles adjacent work but is outside this Skill ownership""]","[""Skill does not activate or delegates to canonical owner"", ""No side effect"", ""Decision is auditable""]"
NEG-02-01-02,repository-custody-and-revisionset,negative-trigger,reuse a stale checkout,"[""Request resembles adjacent work but is outside this Skill ownership""]","[""Skill does not activate or delegates to canonical owner"", ""No side effect"", ""Decision is auditable""]"
NEG-02-01-03,repository-custody-and-revisionset,negative-trigger,modify source during intake,"[""Request resembles adjacent work but is outside this Skill ownership""]","[""Skill does not activate or delegates to canonical owner"", ""No side effect"", ""Decision is auditable""]"
SCN-02-02-01,asset-inventory-and-classification,positive-or-edge,Million-line monorepo,"[""Exact tenant, engagement, RevisionSet and policy are known""]","[""Typed output"", ""Evidence and unknowns retained"", ""No authority escalation"", ""Independent verification handoff""]"
SCN-02-02-02,asset-inventory-and-classification,positive-or-edge,Repository includes generated SDKs and vendored libraries,"[""Exact tenant, engagement, RevisionSet and policy are known""]","[""Typed output"", ""Evidence and unknowns retained"", ""No authority escalation"", ""Independent verification handoff""]"
SCN-02-02-03,asset-inventory-and-classification,positive-or-edge,Encrypted or proprietary binary assets are present,"[""Exact tenant, engagement, RevisionSet and policy are known""]","[""Typed output"", ""Evidence and unknowns retained"", ""No authority escalation"", ""Independent verification handoff""]"
NEG-02-02-01,asset-inventory-and-classification,negative-trigger,assume every file is authored source,"[""Request resembles adjacent work but is outside this Skill ownership""]","[""Skill does not activate or delegates to canonical owner"", ""No side effect"", ""Decision is auditable""]"
NEG-02-02-02,asset-inventory-and-classification,negative-trigger,delete generated or vendored code,"[""Request resembles adjacent work but is outside this Skill ownership""]","[""Skill does not activate or delegates to canonical owner"", ""No side effect"", ""Decision is auditable""]"
SCN-02-03-01,reproducible-build-environment,positive-or-edge,Documentation build command is stale,"[""Exact tenant, engagement, RevisionSet and policy are known""]","[""Typed output"", ""Evidence and unknowns retained"", ""No authority escalation"", ""Independent verification handoff""]"
SCN-02-03-02,reproducible-build-environment,positive-or-edge,Private dependency registry is unavailable,"[""Exact tenant, engagement, RevisionSet and policy are known""]","[""Typed output"", ""Evidence and unknowns retained"", ""No authority escalation"", ""Independent verification handoff""]"
SCN-02-03-03,reproducible-build-environment,positive-or-edge,Multiple incompatible SDK versions are required,"[""Exact tenant, engagement, RevisionSet and policy are known""]","[""Typed output"", ""Evidence and unknowns retained"", ""No authority escalation"", ""Independent verification handoff""]"
NEG-02-03-01,reproducible-build-environment,negative-trigger,declare project broken before environment diagnosis,"[""Request resembles adjacent work but is outside this Skill ownership""]","[""Skill does not activate or delegates to canonical owner"", ""No side effect"", ""Decision is auditable""]"
NEG-02-03-02,reproducible-build-environment,negative-trigger,run untrusted code outside sandbox,"[""Request resembles adjacent work but is outside this Skill ownership""]","[""Skill does not activate or delegates to canonical owner"", ""No side effect"", ""Decision is auditable""]"
SCN-02-04-01,external-dependency-stub-and-service-virtualization,positive-or-edge,Payment API unavailable in test,"[""Exact tenant, engagement, RevisionSet and policy are known""]","[""Typed output"", ""Evidence and unknowns retained"", ""No authority escalation"", ""Independent verification handoff""]"
SCN-02-04-02,external-dependency-stub-and-service-virtualization,positive-or-edge,Industrial OPC UA device requires simulation,"[""Exact tenant, engagement, RevisionSet and policy are known""]","[""Typed output"", ""Evidence and unknowns retained"", ""No authority escalation"", ""Independent verification handoff""]"
SCN-02-04-03,external-dependency-stub-and-service-virtualization,positive-or-edge,Identity provider cannot be reached from sandbox,"[""Exact tenant, engagement, RevisionSet and policy are known""]","[""Typed output"", ""Evidence and unknowns retained"", ""No authority escalation"", ""Independent verification handoff""]"
NEG-02-04-01,external-dependency-stub-and-service-virtualization,negative-trigger,simulate a service without documenting fidelity limits,"[""Request resembles adjacent work but is outside this Skill ownership""]","[""Skill does not activate or delegates to canonical owner"", ""No side effect"", ""Decision is auditable""]"
NEG-02-04-02,external-dependency-stub-and-service-virtualization,negative-trigger,use production credentials in tests,"[""Request resembles adjacent work but is outside this Skill ownership""]","[""Skill does not activate or delegates to canonical owner"", ""No side effect"", ""Decision is auditable""]"
SCN-02-05-01,support-profile-and-unknown-register,positive-or-edge,Unsupported niche language,"[""Exact tenant, engagement, RevisionSet and policy are known""]","[""Typed output"", ""Evidence and unknowns retained"", ""No authority escalation"", ""Independent verification handoff""]"
SCN-02-05-02,support-profile-and-unknown-register,positive-or-edge,Dynamic reflection prevents complete call resolution,"[""Exact tenant, engagement, RevisionSet and policy are known""]","[""Typed output"", ""Evidence and unknowns retained"", ""No authority escalation"", ""Independent verification handoff""]"
SCN-02-05-03,support-profile-and-unknown-register,positive-or-edge,Production configuration is inaccessible,"[""Exact tenant, engagement, RevisionSet and policy are known""]","[""Typed output"", ""Evidence and unknowns retained"", ""No authority escalation"", ""Independent verification handoff""]"
NEG-02-05-01,support-profile-and-unknown-register,negative-trigger,claim all issues found,"[""Request resembles adjacent work but is outside this Skill ownership""]","[""Skill does not activate or delegates to canonical owner"", ""No side effect"", ""Decision is auditable""]"
NEG-02-05-02,support-profile-and-unknown-register,negative-trigger,hide unsupported assets,"[""Request resembles adjacent work but is outside this Skill ownership""]","[""Skill does not activate or delegates to canonical owner"", ""No side effect"", ""Decision is auditable""]"
NEG-02-05-03,support-profile-and-unknown-register,negative-trigger,convert uncertainty into low-severity finding,"[""Request resembles adjacent work but is outside this Skill ownership""]","[""Skill does not activate or delegates to canonical owner"", ""No side effect"", ""Decision is auditable""]"
SCN-02-06-01,runtime-observation-and-traffic-capture,positive-or-edge,Production-only race condition,"[""Exact tenant, engagement, RevisionSet and policy are known""]","[""Typed output"", ""Evidence and unknowns retained"", ""No authority escalation"", ""Independent verification handoff""]"
SCN-02-06-02,runtime-observation-and-traffic-capture,positive-or-edge,Legacy application has no tracing,"[""Exact tenant, engagement, RevisionSet and policy are known""]","[""Typed output"", ""Evidence and unknowns retained"", ""No authority escalation"", ""Independent verification handoff""]"
SCN-02-06-03,runtime-observation-and-traffic-capture,positive-or-edge,Traffic contains sensitive identifiers,"[""Exact tenant, engagement, RevisionSet and policy are known""]","[""Typed output"", ""Evidence and unknowns retained"", ""No authority escalation"", ""Independent verification handoff""]"
NEG-02-06-01,runtime-observation-and-traffic-capture,negative-trigger,capture without authorization,"[""Request resembles adjacent work but is outside this Skill ownership""]","[""Skill does not activate or delegates to canonical owner"", ""No side effect"", ""Decision is auditable""]"
NEG-02-06-02,runtime-observation-and-traffic-capture,negative-trigger,store raw secrets or personal data,"[""Request resembles adjacent work but is outside this Skill ownership""]","[""Skill does not activate or delegates to canonical owner"", ""No side effect"", ""Decision is auditable""]"
NEG-02-06-03,runtime-observation-and-traffic-capture,negative-trigger,treat sampled traffic as exhaustive,"[""Request resembles adjacent work but is outside this Skill ownership""]","[""Skill does not activate or delegates to canonical owner"", ""No side effect"", ""Decision is auditable""]"
SCN-03-01-01,polyglot-semantic-system-graph,positive-or-edge,Java and TypeScript monorepo,"[""Exact tenant, engagement, RevisionSet and policy are known""]","[""Typed output"", ""Evidence and unknowns retained"", ""No authority escalation"", ""Independent verification handoff""]"
SCN-03-01-02,polyglot-semantic-system-graph,positive-or-edge,Polyglot microservices with shared schemas,"[""Exact tenant, engagement, RevisionSet and policy are known""]","[""Typed output"", ""Evidence and unknowns retained"", ""No authority escalation"", ""Independent verification handoff""]"
SCN-03-01-03,polyglot-semantic-system-graph,positive-or-edge,Reflection and generated clients create ambiguous edges,"[""Exact tenant, engagement, RevisionSet and policy are known""]","[""Typed output"", ""Evidence and unknowns retained"", ""No authority escalation"", ""Independent verification handoff""]"
NEG-03-01-01,polyglot-semantic-system-graph,negative-trigger,text-only summary,"[""Request resembles adjacent work but is outside this Skill ownership""]","[""Skill does not activate or delegates to canonical owner"", ""No side effect"", ""Decision is auditable""]"
NEG-03-01-02,polyglot-semantic-system-graph,negative-trigger,regex-only refactor,"[""Request resembles adjacent work but is outside this Skill ownership""]","[""Skill does not activate or delegates to canonical owner"", ""No side effect"", ""Decision is auditable""]"
NEG-03-01-03,polyglot-semantic-system-graph,negative-trigger,claim resolved dynamic behavior without evidence,"[""Request resembles adjacent work but is outside this Skill ownership""]","[""Skill does not activate or delegates to canonical owner"", ""No side effect"", ""Decision is auditable""]"
SCN-03-02-01,business-capability-code-mapping,positive-or-edge,Core order workflow spans five services,"[""Exact tenant, engagement, RevisionSet and policy are known""]","[""Typed output"", ""Evidence and unknowns retained"", ""No authority escalation"", ""Independent verification handoff""]"
SCN-03-02-02,business-capability-code-mapping,positive-or-edge,Business rules differ between UI and database routine,"[""Exact tenant, engagement, RevisionSet and policy are known""]","[""Typed output"", ""Evidence and unknowns retained"", ""No authority escalation"", ""Independent verification handoff""]"
SCN-03-02-03,business-capability-code-mapping,positive-or-edge,No owner knows a legacy exception path,"[""Exact tenant, engagement, RevisionSet and policy are known""]","[""Typed output"", ""Evidence and unknowns retained"", ""No authority escalation"", ""Independent verification handoff""]"
NEG-03-02-01,business-capability-code-mapping,negative-trigger,infer business truth from names alone,"[""Request resembles adjacent work but is outside this Skill ownership""]","[""Skill does not activate or delegates to canonical owner"", ""No side effect"", ""Decision is auditable""]"
NEG-03-02-02,business-capability-code-mapping,negative-trigger,replace domain expert approval,"[""Request resembles adjacent work but is outside this Skill ownership""]","[""Skill does not activate or delegates to canonical owner"", ""No side effect"", ""Decision is auditable""]"
SCN-03-03-01,data-event-permission-lineage,positive-or-edge,Tenant ID dropped in async job,"[""Exact tenant, engagement, RevisionSet and policy are known""]","[""Typed output"", ""Evidence and unknowns retained"", ""No authority escalation"", ""Independent verification handoff""]"
SCN-03-03-02,data-event-permission-lineage,positive-or-edge,PII copied into logs and embeddings,"[""Exact tenant, engagement, RevisionSet and policy are known""]","[""Typed output"", ""Evidence and unknowns retained"", ""No authority escalation"", ""Independent verification handoff""]"
SCN-03-03-03,data-event-permission-lineage,positive-or-edge,Duplicate event may cause repeated payment,"[""Exact tenant, engagement, RevisionSet and policy are known""]","[""Typed output"", ""Evidence and unknowns retained"", ""No authority escalation"", ""Independent verification handoff""]"
NEG-03-03-01,data-event-permission-lineage,negative-trigger,assume framework annotations guarantee authorization,"[""Request resembles adjacent work but is outside this Skill ownership""]","[""Skill does not activate or delegates to canonical owner"", ""No side effect"", ""Decision is auditable""]"
NEG-03-03-02,data-event-permission-lineage,negative-trigger,ignore batch and offline paths,"[""Request resembles adjacent work but is outside this Skill ownership""]","[""Skill does not activate or delegates to canonical owner"", ""No side effect"", ""Decision is auditable""]"
SCN-03-04-01,git-history-ownership-change-coupling,positive-or-edge,Critical module has one historical maintainer,"[""Exact tenant, engagement, RevisionSet and policy are known""]","[""Typed output"", ""Evidence and unknowns retained"", ""No authority escalation"", ""Independent verification handoff""]"
SCN-03-04-02,git-history-ownership-change-coupling,positive-or-edge,Files in different services always change together,"[""Exact tenant, engagement, RevisionSet and policy are known""]","[""Typed output"", ""Evidence and unknowns retained"", ""No authority escalation"", ""Independent verification handoff""]"
SCN-03-04-03,git-history-ownership-change-coupling,positive-or-edge,Large formatter commit distorts churn,"[""Exact tenant, engagement, RevisionSet and policy are known""]","[""Typed output"", ""Evidence and unknowns retained"", ""No authority escalation"", ""Independent verification handoff""]"
NEG-03-04-01,git-history-ownership-change-coupling,negative-trigger,rank individual performance,"[""Request resembles adjacent work but is outside this Skill ownership""]","[""Skill does not activate or delegates to canonical owner"", ""No side effect"", ""Decision is auditable""]"
NEG-03-04-02,git-history-ownership-change-coupling,negative-trigger,infer blame or intent without evidence,"[""Request resembles adjacent work but is outside this Skill ownership""]","[""Skill does not activate or delegates to canonical owner"", ""No side effect"", ""Decision is auditable""]"
SCN-03-05-01,static-dynamic-evidence-fusion,positive-or-edge,Static call graph disagrees with production trace,"[""Exact tenant, engagement, RevisionSet and policy are known""]","[""Typed output"", ""Evidence and unknowns retained"", ""No authority escalation"", ""Independent verification handoff""]"
SCN-03-05-02,static-dynamic-evidence-fusion,positive-or-edge,Documentation contradicts tests,"[""Exact tenant, engagement, RevisionSet and policy are known""]","[""Typed output"", ""Evidence and unknowns retained"", ""No authority escalation"", ""Independent verification handoff""]"
SCN-03-05-03,static-dynamic-evidence-fusion,positive-or-edge,Finding relies on an old build,"[""Exact tenant, engagement, RevisionSet and policy are known""]","[""Typed output"", ""Evidence and unknowns retained"", ""No authority escalation"", ""Independent verification handoff""]"
NEG-03-05-01,static-dynamic-evidence-fusion,negative-trigger,majority vote over incompatible evidence,"[""Request resembles adjacent work but is outside this Skill ownership""]","[""Skill does not activate or delegates to canonical owner"", ""No side effect"", ""Decision is auditable""]"
NEG-03-05-02,static-dynamic-evidence-fusion,negative-trigger,overwrite contradictions,"[""Request resembles adjacent work but is outside this Skill ownership""]","[""Skill does not activate or delegates to canonical owner"", ""No side effect"", ""Decision is auditable""]"
NEG-03-05-03,static-dynamic-evidence-fusion,negative-trigger,use stale evidence silently,"[""Request resembles adjacent work but is outside this Skill ownership""]","[""Skill does not activate or delegates to canonical owner"", ""No side effect"", ""Decision is auditable""]"
SCN-04-01-01,issue-ontology-and-finding-normalization,positive-or-edge,Multiple tools report the same SQL injection path,"[""Exact tenant, engagement, RevisionSet and policy are known""]","[""Typed output"", ""Evidence and unknowns retained"", ""No authority escalation"", ""Independent verification handoff""]"
SCN-04-01-02,issue-ontology-and-finding-normalization,positive-or-edge,Many local smells share one missing architecture boundary,"[""Exact tenant, engagement, RevisionSet and policy are known""]","[""Typed output"", ""Evidence and unknowns retained"", ""No authority escalation"", ""Independent verification handoff""]"
SCN-04-01-03,issue-ontology-and-finding-normalization,positive-or-edge,A model suggests a bug with no reproducible evidence,"[""Exact tenant, engagement, RevisionSet and policy are known""]","[""Typed output"", ""Evidence and unknowns retained"", ""No authority escalation"", ""Independent verification handoff""]"
NEG-04-01-01,issue-ontology-and-finding-normalization,negative-trigger,paste scanner output,"[""Request resembles adjacent work but is outside this Skill ownership""]","[""Skill does not activate or delegates to canonical owner"", ""No side effect"", ""Decision is auditable""]"
NEG-04-01-02,issue-ontology-and-finding-normalization,negative-trigger,create unsupported finding,"[""Request resembles adjacent work but is outside this Skill ownership""]","[""Skill does not activate or delegates to canonical owner"", ""No side effect"", ""Decision is auditable""]"
NEG-04-01-03,issue-ontology-and-finding-normalization,negative-trigger,assign severity without impact context,"[""Request resembles adjacent work but is outside this Skill ownership""]","[""Skill does not activate or delegates to canonical owner"", ""No side effect"", ""Decision is auditable""]"
SCN-04-02-01,architecture-maintainability-audit,positive-or-edge,Spring monolith with package cycles,"[""Exact tenant, engagement, RevisionSet and policy are known""]","[""Typed output"", ""Evidence and unknowns retained"", ""No authority escalation"", ""Independent verification handoff""]"
SCN-04-02-02,architecture-maintainability-audit,positive-or-edge,Microservices share one database and release train,"[""Exact tenant, engagement, RevisionSet and policy are known""]","[""Typed output"", ""Evidence and unknowns retained"", ""No authority escalation"", ""Independent verification handoff""]"
SCN-04-02-03,architecture-maintainability-audit,positive-or-edge,God service blocks framework upgrade,"[""Exact tenant, engagement, RevisionSet and policy are known""]","[""Typed output"", ""Evidence and unknowns retained"", ""No authority escalation"", ""Independent verification handoff""]"
NEG-04-02-01,architecture-maintainability-audit,negative-trigger,style-only review,"[""Request resembles adjacent work but is outside this Skill ownership""]","[""Skill does not activate or delegates to canonical owner"", ""No side effect"", ""Decision is auditable""]"
NEG-04-02-02,architecture-maintainability-audit,negative-trigger,recommend microservices by default,"[""Request resembles adjacent work but is outside this Skill ownership""]","[""Skill does not activate or delegates to canonical owner"", ""No side effect"", ""Decision is auditable""]"
NEG-04-02-03,architecture-maintainability-audit,negative-trigger,rewrite without business value,"[""Request resembles adjacent work but is outside this Skill ownership""]","[""Skill does not activate or delegates to canonical owner"", ""No side effect"", ""Decision is auditable""]"
SCN-04-03-01,correctness-concurrency-consistency-audit,positive-or-edge,Duplicate message charges twice,"[""Exact tenant, engagement, RevisionSet and policy are known""]","[""Typed output"", ""Evidence and unknowns retained"", ""No authority escalation"", ""Independent verification handoff""]"
SCN-04-03-02,correctness-concurrency-consistency-audit,positive-or-edge,Clock shift expires session early,"[""Exact tenant, engagement, RevisionSet and policy are known""]","[""Typed output"", ""Evidence and unknowns retained"", ""No authority escalation"", ""Independent verification handoff""]"
SCN-04-03-03,correctness-concurrency-consistency-audit,positive-or-edge,Thread pool shutdown leaks resources,"[""Exact tenant, engagement, RevisionSet and policy are known""]","[""Typed output"", ""Evidence and unknowns retained"", ""No authority escalation"", ""Independent verification handoff""]"
NEG-04-03-01,correctness-concurrency-consistency-audit,negative-trigger,prove all behavior from static text,"[""Request resembles adjacent work but is outside this Skill ownership""]","[""Skill does not activate or delegates to canonical owner"", ""No side effect"", ""Decision is auditable""]"
NEG-04-03-02,correctness-concurrency-consistency-audit,negative-trigger,silently change externally visible semantics,"[""Request resembles adjacent work but is outside this Skill ownership""]","[""Skill does not activate or delegates to canonical owner"", ""No side effect"", ""Decision is auditable""]"
SCN-04-04-01,security-privacy-supply-chain-audit,positive-or-edge,Cross-tenant cache leak,"[""Exact tenant, engagement, RevisionSet and policy are known""]","[""Typed output"", ""Evidence and unknowns retained"", ""No authority escalation"", ""Independent verification handoff""]"
SCN-04-04-02,security-privacy-supply-chain-audit,positive-or-edge,Prompt injection reaches a write tool,"[""Exact tenant, engagement, RevisionSet and policy are known""]","[""Typed output"", ""Evidence and unknowns retained"", ""No authority escalation"", ""Independent verification handoff""]"
SCN-04-04-03,security-privacy-supply-chain-audit,positive-or-edge,Build dependency lacks provenance,"[""Exact tenant, engagement, RevisionSet and policy are known""]","[""Typed output"", ""Evidence and unknowns retained"", ""No authority escalation"", ""Independent verification handoff""]"
NEG-04-04-01,security-privacy-supply-chain-audit,negative-trigger,penetrate production without authorization,"[""Request resembles adjacent work but is outside this Skill ownership""]","[""Skill does not activate or delegates to canonical owner"", ""No side effect"", ""Decision is auditable""]"
NEG-04-04-02,security-privacy-supply-chain-audit,negative-trigger,declare compliance,"[""Request resembles adjacent work but is outside this Skill ownership""]","[""Skill does not activate or delegates to canonical owner"", ""No side effect"", ""Decision is auditable""]"
NEG-04-04-03,security-privacy-supply-chain-audit,negative-trigger,expose secrets to model,"[""Request resembles adjacent work but is outside this Skill ownership""]","[""Skill does not activate or delegates to canonical owner"", ""No side effect"", ""Decision is auditable""]"
SCN-04-05-01,data-database-migration-audit,positive-or-edge,Oracle routine conversion to PostgreSQL,"[""Exact tenant, engagement, RevisionSet and policy are known""]","[""Typed output"", ""Evidence and unknowns retained"", ""No authority escalation"", ""Independent verification handoff""]"
SCN-04-05-02,data-database-migration-audit,positive-or-edge,Backfill may violate unique constraint,"[""Exact tenant, engagement, RevisionSet and policy are known""]","[""Typed output"", ""Evidence and unknowns retained"", ""No authority escalation"", ""Independent verification handoff""]"
SCN-04-05-03,data-database-migration-audit,positive-or-edge,ORM N+1 appears only at realistic volume,"[""Exact tenant, engagement, RevisionSet and policy are known""]","[""Typed output"", ""Evidence and unknowns retained"", ""No authority escalation"", ""Independent verification handoff""]"
NEG-04-05-01,data-database-migration-audit,negative-trigger,run destructive query on production,"[""Request resembles adjacent work but is outside this Skill ownership""]","[""Skill does not activate or delegates to canonical owner"", ""No side effect"", ""Decision is auditable""]"
NEG-04-05-02,data-database-migration-audit,negative-trigger,infer data meaning from column names alone,"[""Request resembles adjacent work but is outside this Skill ownership""]","[""Skill does not activate or delegates to canonical owner"", ""No side effect"", ""Decision is auditable""]"
SCN-04-06-01,performance-reliability-observability-audit,positive-or-edge,P95 latency grows superlinearly,"[""Exact tenant, engagement, RevisionSet and policy are known""]","[""Typed output"", ""Evidence and unknowns retained"", ""No authority escalation"", ""Independent verification handoff""]"
SCN-04-06-02,performance-reliability-observability-audit,positive-or-edge,Retry storm during dependency outage,"[""Exact tenant, engagement, RevisionSet and policy are known""]","[""Typed output"", ""Evidence and unknowns retained"", ""No authority escalation"", ""Independent verification handoff""]"
SCN-04-06-03,performance-reliability-observability-audit,positive-or-edge,No trace links user error to backend failure,"[""Exact tenant, engagement, RevisionSet and policy are known""]","[""Typed output"", ""Evidence and unknowns retained"", ""No authority escalation"", ""Independent verification handoff""]"
NEG-04-06-01,performance-reliability-observability-audit,negative-trigger,benchmark on non-representative data without caveat,"[""Request resembles adjacent work but is outside this Skill ownership""]","[""Skill does not activate or delegates to canonical owner"", ""No side effect"", ""Decision is auditable""]"
NEG-04-06-02,performance-reliability-observability-audit,negative-trigger,optimize before measuring,"[""Request resembles adjacent work but is outside this Skill ownership""]","[""Skill does not activate or delegates to canonical owner"", ""No side effect"", ""Decision is auditable""]"
SCN-04-07-01,test-ci-cd-developer-experience-audit,positive-or-edge,Line coverage high but mutations survive,"[""Exact tenant, engagement, RevisionSet and policy are known""]","[""Typed output"", ""Evidence and unknowns retained"", ""No authority escalation"", ""Independent verification handoff""]"
SCN-04-07-02,test-ci-cd-developer-experience-audit,positive-or-edge,CI takes hours and produces non-reproducible artifacts,"[""Exact tenant, engagement, RevisionSet and policy are known""]","[""Typed output"", ""Evidence and unknowns retained"", ""No authority escalation"", ""Independent verification handoff""]"
SCN-04-07-03,test-ci-cd-developer-experience-audit,positive-or-edge,Integration fixtures hide authorization failures,"[""Exact tenant, engagement, RevisionSet and policy are known""]","[""Typed output"", ""Evidence and unknowns retained"", ""No authority escalation"", ""Independent verification handoff""]"
NEG-04-07-01,test-ci-cd-developer-experience-audit,negative-trigger,equate line coverage with correctness,"[""Request resembles adjacent work but is outside this Skill ownership""]","[""Skill does not activate or delegates to canonical owner"", ""No side effect"", ""Decision is auditable""]"
NEG-04-07-02,test-ci-cd-developer-experience-audit,negative-trigger,disable failing tests to pass,"[""Request resembles adjacent work but is outside this Skill ownership""]","[""Skill does not activate or delegates to canonical owner"", ""No side effect"", ""Decision is auditable""]"
SCN-04-08-01,ux-accessibility-i18n-audit,positive-or-edge,Keyboard user cannot complete approval,"[""Exact tenant, engagement, RevisionSet and policy are known""]","[""Typed output"", ""Evidence and unknowns retained"", ""No authority escalation"", ""Independent verification handoff""]"
SCN-04-08-02,ux-accessibility-i18n-audit,positive-or-edge,Timezone conversion changes business date,"[""Exact tenant, engagement, RevisionSet and policy are known""]","[""Typed output"", ""Evidence and unknowns retained"", ""No authority escalation"", ""Independent verification handoff""]"
SCN-04-08-03,ux-accessibility-i18n-audit,positive-or-edge,Large bundle blocks field users on slow networks,"[""Exact tenant, engagement, RevisionSet and policy are known""]","[""Typed output"", ""Evidence and unknowns retained"", ""No authority escalation"", ""Independent verification handoff""]"
NEG-04-08-01,ux-accessibility-i18n-audit,negative-trigger,visual redesign without product scope,"[""Request resembles adjacent work but is outside this Skill ownership""]","[""Skill does not activate or delegates to canonical owner"", ""No side effect"", ""Decision is auditable""]"
NEG-04-08-02,ux-accessibility-i18n-audit,negative-trigger,claim legal accessibility compliance from automated scan alone,"[""Request resembles adjacent work but is outside this Skill ownership""]","[""Skill does not activate or delegates to canonical owner"", ""No side effect"", ""Decision is auditable""]"
SCN-04-09-01,ai-agent-system-audit,positive-or-edge,Indirect prompt injection reaches MCP write tool,"[""Exact tenant, engagement, RevisionSet and policy are known""]","[""Typed output"", ""Evidence and unknowns retained"", ""No authority escalation"", ""Independent verification handoff""]"
SCN-04-09-02,ai-agent-system-audit,positive-or-edge,RAG citations do not support answer,"[""Exact tenant, engagement, RevisionSet and policy are known""]","[""Typed output"", ""Evidence and unknowns retained"", ""No authority escalation"", ""Independent verification handoff""]"
SCN-04-09-03,ai-agent-system-audit,positive-or-edge,Agent cannot resume after tool failure,"[""Exact tenant, engagement, RevisionSet and policy are known""]","[""Typed output"", ""Evidence and unknowns retained"", ""No authority escalation"", ""Independent verification handoff""]"
NEG-04-09-01,ai-agent-system-audit,negative-trigger,judge quality from demo,"[""Request resembles adjacent work but is outside this Skill ownership""]","[""Skill does not activate or delegates to canonical owner"", ""No side effect"", ""Decision is auditable""]"
NEG-04-09-02,ai-agent-system-audit,negative-trigger,allow model to certify itself,"[""Request resembles adjacent work but is outside this Skill ownership""]","[""Skill does not activate or delegates to canonical owner"", ""No side effect"", ""Decision is auditable""]"
NEG-04-09-03,ai-agent-system-audit,negative-trigger,expose private evaluation data,"[""Request resembles adjacent work but is outside this Skill ownership""]","[""Skill does not activate or delegates to canonical owner"", ""No side effect"", ""Decision is auditable""]"
SCN-04-10-01,cost-finops-sustainability-audit,positive-or-edge,Repeated full-repository scans dominate cost,"[""Exact tenant, engagement, RevisionSet and policy are known""]","[""Typed output"", ""Evidence and unknowns retained"", ""No authority escalation"", ""Independent verification handoff""]"
SCN-04-10-02,cost-finops-sustainability-audit,positive-or-edge,High reasoning model used for deterministic tasks,"[""Exact tenant, engagement, RevisionSet and policy are known""]","[""Typed output"", ""Evidence and unknowns retained"", ""No authority escalation"", ""Independent verification handoff""]"
SCN-04-10-03,cost-finops-sustainability-audit,positive-or-edge,Idle runtime labs remain provisioned,"[""Exact tenant, engagement, RevisionSet and policy are known""]","[""Typed output"", ""Evidence and unknowns retained"", ""No authority escalation"", ""Independent verification handoff""]"
NEG-04-10-01,cost-finops-sustainability-audit,negative-trigger,personal finance,"[""Request resembles adjacent work but is outside this Skill ownership""]","[""Skill does not activate or delegates to canonical owner"", ""No side effect"", ""Decision is auditable""]"
NEG-04-10-02,cost-finops-sustainability-audit,negative-trigger,guaranteed savings,"[""Request resembles adjacent work but is outside this Skill ownership""]","[""Skill does not activate or delegates to canonical owner"", ""No side effect"", ""Decision is auditable""]"
NEG-04-10-03,cost-finops-sustainability-audit,negative-trigger,optimize cost by weakening required controls,"[""Request resembles adjacent work but is outside this Skill ownership""]","[""Skill does not activate or delegates to canonical owner"", ""No side effect"", ""Decision is auditable""]"
SCN-05-01-01,root-cause-risk-prioritization,positive-or-edge,Hundreds of findings share one missing tenant-context boundary,"[""Exact tenant, engagement, RevisionSet and policy are known""]","[""Typed output"", ""Evidence and unknowns retained"", ""No authority escalation"", ""Independent verification handoff""]"
SCN-05-01-02,root-cause-risk-prioritization,positive-or-edge,Critical vulnerability is low confidence,"[""Exact tenant, engagement, RevisionSet and policy are known""]","[""Typed output"", ""Evidence and unknowns retained"", ""No authority escalation"", ""Independent verification handoff""]"
SCN-05-01-03,root-cause-risk-prioritization,positive-or-edge,Quick fix increases long-term coupling,"[""Exact tenant, engagement, RevisionSet and policy are known""]","[""Typed output"", ""Evidence and unknowns retained"", ""No authority escalation"", ""Independent verification handoff""]"
NEG-05-01-01,root-cause-risk-prioritization,negative-trigger,sort only by scanner severity,"[""Request resembles adjacent work but is outside this Skill ownership""]","[""Skill does not activate or delegates to canonical owner"", ""No side effect"", ""Decision is auditable""]"
NEG-05-01-02,root-cause-risk-prioritization,negative-trigger,hide low-confidence critical candidates,"[""Request resembles adjacent work but is outside this Skill ownership""]","[""Skill does not activate or delegates to canonical owner"", ""No side effect"", ""Decision is auditable""]"
SCN-05-02-01,business-invariant-recovery,positive-or-edge,Legacy behavior includes known pricing bug,"[""Exact tenant, engagement, RevisionSet and policy are known""]","[""Typed output"", ""Evidence and unknowns retained"", ""No authority escalation"", ""Independent verification handoff""]"
SCN-05-02-02,business-invariant-recovery,positive-or-edge,Authorization semantics are undocumented,"[""Exact tenant, engagement, RevisionSet and policy are known""]","[""Typed output"", ""Evidence and unknowns retained"", ""No authority escalation"", ""Independent verification handoff""]"
SCN-05-02-03,business-invariant-recovery,positive-or-edge,Database trigger enforces hidden inventory invariant,"[""Exact tenant, engagement, RevisionSet and policy are known""]","[""Typed output"", ""Evidence and unknowns retained"", ""No authority escalation"", ""Independent verification handoff""]"
NEG-05-02-01,business-invariant-recovery,negative-trigger,assume existing behavior is correct,"[""Request resembles adjacent work but is outside this Skill ownership""]","[""Skill does not activate or delegates to canonical owner"", ""No side effect"", ""Decision is auditable""]"
NEG-05-02-02,business-invariant-recovery,negative-trigger,approve business rule without owner,"[""Request resembles adjacent work but is outside this Skill ownership""]","[""Skill does not activate or delegates to canonical owner"", ""No side effect"", ""Decision is auditable""]"
SCN-05-03-01,target-architecture-alternatives-and-adr,positive-or-edge,Modular monolith versus microservices,"[""Exact tenant, engagement, RevisionSet and policy are known""]","[""Typed output"", ""Evidence and unknowns retained"", ""No authority escalation"", ""Independent verification handoff""]"
SCN-05-03-02,target-architecture-alternatives-and-adr,positive-or-edge,Framework upgrade versus strangler replacement,"[""Exact tenant, engagement, RevisionSet and policy are known""]","[""Typed output"", ""Evidence and unknowns retained"", ""No authority escalation"", ""Independent verification handoff""]"
SCN-05-03-03,target-architecture-alternatives-and-adr,positive-or-edge,Shared database must be separated gradually,"[""Exact tenant, engagement, RevisionSet and policy are known""]","[""Typed output"", ""Evidence and unknowns retained"", ""No authority escalation"", ""Independent verification handoff""]"
NEG-05-03-01,target-architecture-alternatives-and-adr,negative-trigger,single unqualified rewrite recommendation,"[""Request resembles adjacent work but is outside this Skill ownership""]","[""Skill does not activate or delegates to canonical owner"", ""No side effect"", ""Decision is auditable""]"
NEG-05-03-02,target-architecture-alternatives-and-adr,negative-trigger,technology choice without constraints,"[""Request resembles adjacent work but is outside this Skill ownership""]","[""Skill does not activate or delegates to canonical owner"", ""No side effect"", ""Decision is auditable""]"
SCN-05-04-01,transformation-dag-estimation,positive-or-edge,Database change must precede application cutover,"[""Exact tenant, engagement, RevisionSet and policy are known""]","[""Typed output"", ""Evidence and unknowns retained"", ""No authority escalation"", ""Independent verification handoff""]"
SCN-05-04-02,transformation-dag-estimation,positive-or-edge,Parallel agents would edit overlapping modules,"[""Exact tenant, engagement, RevisionSet and policy are known""]","[""Typed output"", ""Evidence and unknowns retained"", ""No authority escalation"", ""Independent verification handoff""]"
SCN-05-04-03,transformation-dag-estimation,positive-or-edge,Plan invalidated by upstream commit,"[""Exact tenant, engagement, RevisionSet and policy are known""]","[""Typed output"", ""Evidence and unknowns retained"", ""No authority escalation"", ""Independent verification handoff""]"
NEG-05-04-01,transformation-dag-estimation,negative-trigger,one giant patch,"[""Request resembles adjacent work but is outside this Skill ownership""]","[""Skill does not activate or delegates to canonical owner"", ""No side effect"", ""Decision is auditable""]"
NEG-05-04-02,transformation-dag-estimation,negative-trigger,human-day estimate presented as machine runtime,"[""Request resembles adjacent work but is outside this Skill ownership""]","[""Skill does not activate or delegates to canonical owner"", ""No side effect"", ""Decision is auditable""]"
NEG-05-04-03,transformation-dag-estimation,negative-trigger,plan without rollback,"[""Request resembles adjacent work but is outside this Skill ownership""]","[""Skill does not activate or delegates to canonical owner"", ""No side effect"", ""Decision is auditable""]"
SCN-05-05-01,changeset-commit-and-provenance-governance,positive-or-edge,Agent modifies an unrelated lockfile,"[""Exact tenant, engagement, RevisionSet and policy are known""]","[""Typed output"", ""Evidence and unknowns retained"", ""No authority escalation"", ""Independent verification handoff""]"
SCN-05-05-02,changeset-commit-and-provenance-governance,positive-or-edge,Generated code and source changes need separate commits,"[""Exact tenant, engagement, RevisionSet and policy are known""]","[""Typed output"", ""Evidence and unknowns retained"", ""No authority escalation"", ""Independent verification handoff""]"
SCN-05-05-03,changeset-commit-and-provenance-governance,positive-or-edge,Commit passes tests but violates scope,"[""Exact tenant, engagement, RevisionSet and policy are known""]","[""Typed output"", ""Evidence and unknowns retained"", ""No authority escalation"", ""Independent verification handoff""]"
NEG-05-05-01,changeset-commit-and-provenance-governance,negative-trigger,git add all,"[""Request resembles adjacent work but is outside this Skill ownership""]","[""Skill does not activate or delegates to canonical owner"", ""No side effect"", ""Decision is auditable""]"
NEG-05-05-02,changeset-commit-and-provenance-governance,negative-trigger,mix unrelated changes,"[""Request resembles adjacent work but is outside this Skill ownership""]","[""Skill does not activate or delegates to canonical owner"", ""No side effect"", ""Decision is auditable""]"
NEG-05-05-03,changeset-commit-and-provenance-governance,negative-trigger,force push without approval,"[""Request resembles adjacent work but is outside this Skill ownership""]","[""Skill does not activate or delegates to canonical owner"", ""No side effect"", ""Decision is auditable""]"
SCN-05-06-01,proof-guided-atomic-refactor-execution,positive-or-edge,Type-safe API rename across monorepo,"[""Exact tenant, engagement, RevisionSet and policy are known""]","[""Typed output"", ""Evidence and unknowns retained"", ""No authority escalation"", ""Independent verification handoff""]"
SCN-05-06-02,proof-guided-atomic-refactor-execution,positive-or-edge,Extract application service from controllers,"[""Exact tenant, engagement, RevisionSet and policy are known""]","[""Typed output"", ""Evidence and unknowns retained"", ""No authority escalation"", ""Independent verification handoff""]"
SCN-05-06-03,proof-guided-atomic-refactor-execution,positive-or-edge,Refactor retry logic without duplicating side effects,"[""Exact tenant, engagement, RevisionSet and policy are known""]","[""Typed output"", ""Evidence and unknowns retained"", ""No authority escalation"", ""Independent verification handoff""]"
NEG-05-06-01,proof-guided-atomic-refactor-execution,negative-trigger,free-form rewrite without plan,"[""Request resembles adjacent work but is outside this Skill ownership""]","[""Skill does not activate or delegates to canonical owner"", ""No side effect"", ""Decision is auditable""]"
NEG-05-06-02,proof-guided-atomic-refactor-execution,negative-trigger,skip failing verification,"[""Request resembles adjacent work but is outside this Skill ownership""]","[""Skill does not activate or delegates to canonical owner"", ""No side effect"", ""Decision is auditable""]"
NEG-05-06-03,proof-guided-atomic-refactor-execution,negative-trigger,production write without approval,"[""Request resembles adjacent work but is outside this Skill ownership""]","[""Skill does not activate or delegates to canonical owner"", ""No side effect"", ""Decision is auditable""]"
SCN-05-07-01,modernization-strangler-and-rearchitecture,positive-or-edge,Struts and Servlet migration to Spring Boot,"[""Exact tenant, engagement, RevisionSet and policy are known""]","[""Typed output"", ""Evidence and unknowns retained"", ""No authority escalation"", ""Independent verification handoff""]"
SCN-05-07-02,modernization-strangler-and-rearchitecture,positive-or-edge,Shared library framework major upgrade,"[""Exact tenant, engagement, RevisionSet and policy are known""]","[""Typed output"", ""Evidence and unknowns retained"", ""No authority escalation"", ""Independent verification handoff""]"
SCN-05-07-03,modernization-strangler-and-rearchitecture,positive-or-edge,Monolith capability extraction with shared database,"[""Exact tenant, engagement, RevisionSet and policy are known""]","[""Typed output"", ""Evidence and unknowns retained"", ""No authority escalation"", ""Independent verification handoff""]"
NEG-05-07-01,modernization-strangler-and-rearchitecture,negative-trigger,big-bang rewrite by default,"[""Request resembles adjacent work but is outside this Skill ownership""]","[""Skill does not activate or delegates to canonical owner"", ""No side effect"", ""Decision is auditable""]"
NEG-05-07-02,modernization-strangler-and-rearchitecture,negative-trigger,remove legacy path before equivalence evidence,"[""Request resembles adjacent work but is outside this Skill ownership""]","[""Skill does not activate or delegates to canonical owner"", ""No side effect"", ""Decision is auditable""]"
SCN-05-08-01,cross-language-framework-transformation,positive-or-edge,Java service to C#,"[""Exact tenant, engagement, RevisionSet and policy are known""]","[""Typed output"", ""Evidence and unknowns retained"", ""No authority escalation"", ""Independent verification handoff""]"
SCN-05-08-02,cross-language-framework-transformation,positive-or-edge,Python component to Rust,"[""Exact tenant, engagement, RevisionSet and policy are known""]","[""Typed output"", ""Evidence and unknowns retained"", ""No authority escalation"", ""Independent verification handoff""]"
SCN-05-08-03,cross-language-framework-transformation,positive-or-edge,Vue application to React with state and routing parity,"[""Exact tenant, engagement, RevisionSet and policy are known""]","[""Typed output"", ""Evidence and unknowns retained"", ""No authority escalation"", ""Independent verification handoff""]"
NEG-05-08-01,cross-language-framework-transformation,negative-trigger,line-by-line translation,"[""Request resembles adjacent work but is outside this Skill ownership""]","[""Skill does not activate or delegates to canonical owner"", ""No side effect"", ""Decision is auditable""]"
NEG-05-08-02,cross-language-framework-transformation,negative-trigger,claim equivalence without native runtime,"[""Request resembles adjacent work but is outside this Skill ownership""]","[""Skill does not activate or delegates to canonical owner"", ""No side effect"", ""Decision is auditable""]"
NEG-05-08-03,cross-language-framework-transformation,negative-trigger,erase unsupported semantics,"[""Request resembles adjacent work but is outside this Skill ownership""]","[""Skill does not activate or delegates to canonical owner"", ""No side effect"", ""Decision is auditable""]"
SCN-05-09-01,database-schema-routine-data-transformation,positive-or-edge,Oracle to PostgreSQL with routines,"[""Exact tenant, engagement, RevisionSet and policy are known""]","[""Typed output"", ""Evidence and unknowns retained"", ""No authority escalation"", ""Independent verification handoff""]"
SCN-05-09-02,database-schema-routine-data-transformation,positive-or-edge,Zero-downtime column type change,"[""Exact tenant, engagement, RevisionSet and policy are known""]","[""Typed output"", ""Evidence and unknowns retained"", ""No authority escalation"", ""Independent verification handoff""]"
SCN-05-09-03,database-schema-routine-data-transformation,positive-or-edge,Database authorization differs across engines,"[""Exact tenant, engagement, RevisionSet and policy are known""]","[""Typed output"", ""Evidence and unknowns retained"", ""No authority escalation"", ""Independent verification handoff""]"
NEG-05-09-01,database-schema-routine-data-transformation,negative-trigger,syntax-only SQL translation,"[""Request resembles adjacent work but is outside this Skill ownership""]","[""Skill does not activate or delegates to canonical owner"", ""No side effect"", ""Decision is auditable""]"
NEG-05-09-02,database-schema-routine-data-transformation,negative-trigger,destructive production migration without backup,"[""Request resembles adjacent work but is outside this Skill ownership""]","[""Skill does not activate or delegates to canonical owner"", ""No side effect"", ""Decision is auditable""]"
NEG-05-09-03,database-schema-routine-data-transformation,negative-trigger,ignore permission semantics,"[""Request resembles adjacent work but is outside this Skill ownership""]","[""Skill does not activate or delegates to canonical owner"", ""No side effect"", ""Decision is auditable""]"
SCN-06-01-01,characterization-differential-mutation-verification,positive-or-edge,Refactor changes exception wording but not semantics,"[""Exact tenant, engagement, RevisionSet and policy are known""]","[""Typed output"", ""Evidence and unknowns retained"", ""No authority escalation"", ""Independent verification handoff""]"
SCN-06-01-02,characterization-differential-mutation-verification,positive-or-edge,Target emits events in different order,"[""Exact tenant, engagement, RevisionSet and policy are known""]","[""Typed output"", ""Evidence and unknowns retained"", ""No authority escalation"", ""Independent verification handoff""]"
SCN-06-01-03,characterization-differential-mutation-verification,positive-or-edge,Tests pass but mutation score is weak,"[""Exact tenant, engagement, RevisionSet and policy are known""]","[""Typed output"", ""Evidence and unknowns retained"", ""No authority escalation"", ""Independent verification handoff""]"
NEG-06-01-01,characterization-differential-mutation-verification,negative-trigger,declare success from compile only,"[""Request resembles adjacent work but is outside this Skill ownership""]","[""Skill does not activate or delegates to canonical owner"", ""No side effect"", ""Decision is auditable""]"
NEG-06-01-02,characterization-differential-mutation-verification,negative-trigger,let implementation agent approve itself,"[""Request resembles adjacent work but is outside this Skill ownership""]","[""Skill does not activate or delegates to canonical owner"", ""No side effect"", ""Decision is auditable""]"
NEG-06-01-03,characterization-differential-mutation-verification,negative-trigger,ignore approved behavior changes,"[""Request resembles adjacent work but is outside this Skill ownership""]","[""Skill does not activate or delegates to canonical owner"", ""No side effect"", ""Decision is auditable""]"
SCN-06-02-01,formal-assurance-routing,positive-or-edge,Verify no cross-tenant read path,"[""Exact tenant, engagement, RevisionSet and policy are known""]","[""Typed output"", ""Evidence and unknowns retained"", ""No authority escalation"", ""Independent verification handoff""]"
SCN-06-02-02,formal-assurance-routing,positive-or-edge,Check saga compensation liveness,"[""Exact tenant, engagement, RevisionSet and policy are known""]","[""Typed output"", ""Evidence and unknowns retained"", ""No authority escalation"", ""Independent verification handoff""]"
SCN-06-02-03,formal-assurance-routing,positive-or-edge,Prove data migration mapping preserves monetary totals,"[""Exact tenant, engagement, RevisionSet and policy are known""]","[""Typed output"", ""Evidence and unknowns retained"", ""No authority escalation"", ""Independent verification handoff""]"
NEG-06-02-01,formal-assurance-routing,negative-trigger,formalize the entire repository by default,"[""Request resembles adjacent work but is outside this Skill ownership""]","[""Skill does not activate or delegates to canonical owner"", ""No side effect"", ""Decision is auditable""]"
NEG-06-02-02,formal-assurance-routing,negative-trigger,claim proof without checking tool output,"[""Request resembles adjacent work but is outside this Skill ownership""]","[""Skill does not activate or delegates to canonical owner"", ""No side effect"", ""Decision is auditable""]"
NEG-06-02-03,formal-assurance-routing,negative-trigger,hide modeling assumptions,"[""Request resembles adjacent work but is outside this Skill ownership""]","[""Skill does not activate or delegates to canonical owner"", ""No side effect"", ""Decision is auditable""]"
SCN-06-03-01,e0-e3-readiness-and-evidence-bundle,positive-or-edge,All tests pass but critical unknown remains,"[""Exact tenant, engagement, RevisionSet and policy are known""]","[""Typed output"", ""Evidence and unknowns retained"", ""No authority escalation"", ""Independent verification handoff""]"
SCN-06-03-02,e0-e3-readiness-and-evidence-bundle,positive-or-edge,Evidence was produced before latest dependency change,"[""Exact tenant, engagement, RevisionSet and policy are known""]","[""Typed output"", ""Evidence and unknowns retained"", ""No authority escalation"", ""Independent verification handoff""]"
SCN-06-03-03,e0-e3-readiness-and-evidence-bundle,positive-or-edge,Capability seeks E5 without companion assurance package,"[""Exact tenant, engagement, RevisionSet and policy are known""]","[""Typed output"", ""Evidence and unknowns retained"", ""No authority escalation"", ""Independent verification handoff""]"
NEG-06-03-01,e0-e3-readiness-and-evidence-bundle,negative-trigger,issue E4 or E5 certificate,"[""Request resembles adjacent work but is outside this Skill ownership""]","[""Skill does not activate or delegates to canonical owner"", ""No side effect"", ""Decision is auditable""]"
NEG-06-03-02,e0-e3-readiness-and-evidence-bundle,negative-trigger,approve stale evidence,"[""Request resembles adjacent work but is outside this Skill ownership""]","[""Skill does not activate or delegates to canonical owner"", ""No side effect"", ""Decision is auditable""]"
NEG-06-03-03,e0-e3-readiness-and-evidence-bundle,negative-trigger,let adapter certify itself,"[""Request resembles adjacent work but is outside this Skill ownership""]","[""Skill does not activate or delegates to canonical owner"", ""No side effect"", ""Decision is auditable""]"
SCN-06-04-01,shadow-dual-run-canary-rollback-preparation,positive-or-edge,Shadow order processing must not charge customers,"[""Exact tenant, engagement, RevisionSet and policy are known""]","[""Typed output"", ""Evidence and unknowns retained"", ""No authority escalation"", ""Independent verification handoff""]"
SCN-06-04-02,shadow-dual-run-canary-rollback-preparation,positive-or-edge,Canary schema change must remain backward compatible,"[""Exact tenant, engagement, RevisionSet and policy are known""]","[""Typed output"", ""Evidence and unknowns retained"", ""No authority escalation"", ""Independent verification handoff""]"
SCN-06-04-03,shadow-dual-run-canary-rollback-preparation,positive-or-edge,Rollback requires compensating events,"[""Exact tenant, engagement, RevisionSet and policy are known""]","[""Typed output"", ""Evidence and unknowns retained"", ""No authority escalation"", ""Independent verification handoff""]"
NEG-06-04-01,shadow-dual-run-canary-rollback-preparation,negative-trigger,perform unapproved production cutover,"[""Request resembles adjacent work but is outside this Skill ownership""]","[""Skill does not activate or delegates to canonical owner"", ""No side effect"", ""Decision is auditable""]"
NEG-06-04-02,shadow-dual-run-canary-rollback-preparation,negative-trigger,claim E4 or E5,"[""Request resembles adjacent work but is outside this Skill ownership""]","[""Skill does not activate or delegates to canonical owner"", ""No side effect"", ""Decision is auditable""]"
NEG-06-04-03,shadow-dual-run-canary-rollback-preparation,negative-trigger,duplicate real side effects during shadow,"[""Request resembles adjacent work but is outside this Skill ownership""]","[""Skill does not activate or delegates to canonical owner"", ""No side effect"", ""Decision is auditable""]"
SCN-06-05-01,incident-triage-remediation-and-postmortem,positive-or-edge,Bad rollout causes cross-tenant responses,"[""Exact tenant, engagement, RevisionSet and policy are known""]","[""Typed output"", ""Evidence and unknowns retained"", ""No authority escalation"", ""Independent verification handoff""]"
SCN-06-05-02,incident-triage-remediation-and-postmortem,positive-or-edge,Queue retry storm overloads database,"[""Exact tenant, engagement, RevisionSet and policy are known""]","[""Typed output"", ""Evidence and unknowns retained"", ""No authority escalation"", ""Independent verification handoff""]"
SCN-06-05-03,incident-triage-remediation-and-postmortem,positive-or-edge,Emergency hotfix lacks full regression window,"[""Exact tenant, engagement, RevisionSet and policy are known""]","[""Typed output"", ""Evidence and unknowns retained"", ""No authority escalation"", ""Independent verification handoff""]"
NEG-06-05-01,incident-triage-remediation-and-postmortem,negative-trigger,make destructive production change without incident authority,"[""Request resembles adjacent work but is outside this Skill ownership""]","[""Skill does not activate or delegates to canonical owner"", ""No side effect"", ""Decision is auditable""]"
NEG-06-05-02,incident-triage-remediation-and-postmortem,negative-trigger,assign blame,"[""Request resembles adjacent work but is outside this Skill ownership""]","[""Skill does not activate or delegates to canonical owner"", ""No side effect"", ""Decision is auditable""]"
NEG-06-05-03,incident-triage-remediation-and-postmortem,negative-trigger,close incident from agent confidence,"[""Request resembles adjacent work but is outside this Skill ownership""]","[""Skill does not activate or delegates to canonical owner"", ""No side effect"", ""Decision is auditable""]"
SCN-06-06-01,final-handoff-training-support,positive-or-edge,Operations cannot execute rollback runbook,"[""Exact tenant, engagement, RevisionSet and policy are known""]","[""Typed output"", ""Evidence and unknowns retained"", ""No authority escalation"", ""Independent verification handoff""]"
SCN-06-06-02,final-handoff-training-support,positive-or-edge,Support owner lacks required access,"[""Exact tenant, engagement, RevisionSet and policy are known""]","[""Typed output"", ""Evidence and unknowns retained"", ""No authority escalation"", ""Independent verification handoff""]"
SCN-06-06-03,final-handoff-training-support,positive-or-edge,Customer needs separate executive and engineering training,"[""Exact tenant, engagement, RevisionSet and policy are known""]","[""Typed output"", ""Evidence and unknowns retained"", ""No authority escalation"", ""Independent verification handoff""]"
NEG-06-06-01,final-handoff-training-support,negative-trigger,declare handoff complete without owner acceptance,"[""Request resembles adjacent work but is outside this Skill ownership""]","[""Skill does not activate or delegates to canonical owner"", ""No side effect"", ""Decision is auditable""]"
NEG-06-06-02,final-handoff-training-support,negative-trigger,transfer secrets in documents,"[""Request resembles adjacent work but is outside this Skill ownership""]","[""Skill does not activate or delegates to canonical owner"", ""No side effect"", ""Decision is auditable""]"
SCN-06-07-01,reusable-recipe-skill-learning,positive-or-edge,Same migration fix recurs across customers,"[""Exact tenant, engagement, RevisionSet and policy are known""]","[""Typed output"", ""Evidence and unknowns retained"", ""No authority escalation"", ""Independent verification handoff""]"
SCN-06-07-02,reusable-recipe-skill-learning,positive-or-edge,Skill triggers too broadly,"[""Exact tenant, engagement, RevisionSet and policy are known""]","[""Typed output"", ""Evidence and unknowns retained"", ""No authority escalation"", ""Independent verification handoff""]"
SCN-06-07-03,reusable-recipe-skill-learning,positive-or-edge,Tenant trace is useful but not consented for global learning,"[""Exact tenant, engagement, RevisionSet and policy are known""]","[""Typed output"", ""Evidence and unknowns retained"", ""No authority escalation"", ""Independent verification handoff""]"
NEG-06-07-01,reusable-recipe-skill-learning,negative-trigger,train globally without consent,"[""Request resembles adjacent work but is outside this Skill ownership""]","[""Skill does not activate or delegates to canonical owner"", ""No side effect"", ""Decision is auditable""]"
NEG-06-07-02,reusable-recipe-skill-learning,negative-trigger,create duplicate skill,"[""Request resembles adjacent work but is outside this Skill ownership""]","[""Skill does not activate or delegates to canonical owner"", ""No side effect"", ""Decision is auditable""]"
NEG-06-07-03,reusable-recipe-skill-learning,negative-trigger,generalize from one weak example,"[""Request resembles adjacent work but is outside this Skill ownership""]","[""Skill does not activate or delegates to canonical owner"", ""No side effect"", ""Decision is auditable""]"
SCN-06-08-01,portfolio-multi-repository-governance,positive-or-edge,Hundreds of Spring services share vulnerable library,"[""Exact tenant, engagement, RevisionSet and policy are known""]","[""Typed output"", ""Evidence and unknowns retained"", ""No authority escalation"", ""Independent verification handoff""]"
SCN-06-08-02,portfolio-multi-repository-governance,positive-or-edge,Two repositories require coordinated API migration,"[""Exact tenant, engagement, RevisionSet and policy are known""]","[""Typed output"", ""Evidence and unknowns retained"", ""No authority escalation"", ""Independent verification handoff""]"
SCN-06-08-03,portfolio-multi-repository-governance,positive-or-edge,Portfolio dashboard hides one unsupported critical system,"[""Exact tenant, engagement, RevisionSet and policy are known""]","[""Typed output"", ""Evidence and unknowns retained"", ""No authority escalation"", ""Independent verification handoff""]"
NEG-06-08-01,portfolio-multi-repository-governance,negative-trigger,compare teams by raw finding count,"[""Request resembles adjacent work but is outside this Skill ownership""]","[""Skill does not activate or delegates to canonical owner"", ""No side effect"", ""Decision is auditable""]"
NEG-06-08-02,portfolio-multi-repository-governance,negative-trigger,apply one migration recipe to unsupported repos,"[""Request resembles adjacent work but is outside this Skill ownership""]","[""Skill does not activate or delegates to canonical owner"", ""No side effect"", ""Decision is auditable""]"
SCN-06-09-01,product-feedback-roadmap-loop,positive-or-edge,Three customers request similar audit workflow,"[""Exact tenant, engagement, RevisionSet and policy are known""]","[""Typed output"", ""Evidence and unknowns retained"", ""No authority escalation"", ""Independent verification handoff""]"
SCN-06-09-02,product-feedback-roadmap-loop,positive-or-edge,Feature request is actually missing training,"[""Exact tenant, engagement, RevisionSet and policy are known""]","[""Typed output"", ""Evidence and unknowns retained"", ""No authority escalation"", ""Independent verification handoff""]"
SCN-06-09-03,product-feedback-roadmap-loop,positive-or-edge,High-value request conflicts with platform trust model,"[""Exact tenant, engagement, RevisionSet and policy are known""]","[""Typed output"", ""Evidence and unknowns retained"", ""No authority escalation"", ""Independent verification handoff""]"
NEG-06-09-01,product-feedback-roadmap-loop,negative-trigger,promise roadmap date,"[""Request resembles adjacent work but is outside this Skill ownership""]","[""Skill does not activate or delegates to canonical owner"", ""No side effect"", ""Decision is auditable""]"
NEG-06-09-02,product-feedback-roadmap-loop,negative-trigger,rank by loudest customer only,"[""Request resembles adjacent work but is outside this Skill ownership""]","[""Skill does not activate or delegates to canonical owner"", ""No side effect"", ""Decision is auditable""]"
NEG-06-09-03,product-feedback-roadmap-loop,negative-trigger,mix tenant secrets into shared roadmap,"[""Request resembles adjacent work but is outside this Skill ownership""]","[""Skill does not activate or delegates to canonical owner"", ""No side effect"", ""Decision is auditable""]"
EDGE-001,cross-cutting,system-edge,Repository contains malicious build scripts and must be inspected without execution,"[""A relevant product workflow is active""]","[""Fail closed or degrade safely"", ""No hidden data/effect loss"", ""Evidence and recovery state retained""]"
EDGE-002,cross-cutting,system-edge,Source archive contains path traversal entries or duplicate filenames,"[""A relevant product workflow is active""]","[""Fail closed or degrade safely"", ""No hidden data/effect loss"", ""Evidence and recovery state retained""]"
EDGE-003,cross-cutting,system-edge,Git LFS pointers exist but objects are missing,"[""A relevant product workflow is active""]","[""Fail closed or degrade safely"", ""No hidden data/effect loss"", ""Evidence and recovery state retained""]"
EDGE-004,cross-cutting,system-edge,Two repositories reference mutually incompatible schema versions,"[""A relevant product workflow is active""]","[""Fail closed or degrade safely"", ""No hidden data/effect loss"", ""Evidence and recovery state retained""]"
EDGE-005,cross-cutting,system-edge,Generated code is edited manually and regeneration would erase fixes,"[""A relevant product workflow is active""]","[""Fail closed or degrade safely"", ""No hidden data/effect loss"", ""Evidence and recovery state retained""]"
EDGE-006,cross-cutting,system-edge,Production behavior depends on an undocumented feature flag,"[""A relevant product workflow is active""]","[""Fail closed or degrade safely"", ""No hidden data/effect loss"", ""Evidence and recovery state retained""]"
EDGE-007,cross-cutting,system-edge,External API behavior changed after the captured contract,"[""A relevant product workflow is active""]","[""Fail closed or degrade safely"", ""No hidden data/effect loss"", ""Evidence and recovery state retained""]"
EDGE-008,cross-cutting,system-edge,A critical path uses reflection that static analysis cannot resolve,"[""A relevant product workflow is active""]","[""Fail closed or degrade safely"", ""No hidden data/effect loss"", ""Evidence and recovery state retained""]"
EDGE-009,cross-cutting,system-edge,Runtime trace sampling misses a rare but severe failure,"[""A relevant product workflow is active""]","[""Fail closed or degrade safely"", ""No hidden data/effect loss"", ""Evidence and recovery state retained""]"
EDGE-010,cross-cutting,system-edge,Tool output is too large and must be summarized without losing evidence identity,"[""A relevant product workflow is active""]","[""Fail closed or degrade safely"", ""No hidden data/effect loss"", ""Evidence and recovery state retained""]"
EDGE-011,cross-cutting,system-edge,Agent session resumes after policy or permission changes,"[""A relevant product workflow is active""]","[""Fail closed or degrade safely"", ""No hidden data/effect loss"", ""Evidence and recovery state retained""]"
EDGE-012,cross-cutting,system-edge,Remote executor is replaced while a write result is in flight,"[""A relevant product workflow is active""]","[""Fail closed or degrade safely"", ""No hidden data/effect loss"", ""Evidence and recovery state retained""]"
EDGE-013,cross-cutting,system-edge,Subagents discover conflicting findings from different evidence sources,"[""A relevant product workflow is active""]","[""Fail closed or degrade safely"", ""No hidden data/effect loss"", ""Evidence and recovery state retained""]"
EDGE-014,cross-cutting,system-edge,Two write agents produce overlapping patches,"[""A relevant product workflow is active""]","[""Fail closed or degrade safely"", ""No hidden data/effect loss"", ""Evidence and recovery state retained""]"
EDGE-015,cross-cutting,system-edge,A database migration partially completes before cancellation,"[""A relevant product workflow is active""]","[""Fail closed or degrade safely"", ""No hidden data/effect loss"", ""Evidence and recovery state retained""]"
EDGE-016,cross-cutting,system-edge,A retry repeats an external side effect despite task-level idempotency,"[""A relevant product workflow is active""]","[""Fail closed or degrade safely"", ""No hidden data/effect loss"", ""Evidence and recovery state retained""]"
EDGE-017,cross-cutting,system-edge,A model/provider change alters structured output semantics,"[""A relevant product workflow is active""]","[""Fail closed or degrade safely"", ""No hidden data/effect loss"", ""Evidence and recovery state retained""]"
EDGE-018,cross-cutting,system-edge,An analyzer upgrade invalidates prior findings,"[""A relevant product workflow is active""]","[""Fail closed or degrade safely"", ""No hidden data/effect loss"", ""Evidence and recovery state retained""]"
EDGE-019,cross-cutting,system-edge,A customer requests deletion while evidence is under legal hold,"[""A relevant product workflow is active""]","[""Fail closed or degrade safely"", ""No hidden data/effect loss"", ""Evidence and recovery state retained""]"
EDGE-020,cross-cutting,system-edge,A tenant asks to contribute a successful recipe to global learning,"[""A relevant product workflow is active""]","[""Fail closed or degrade safely"", ""No hidden data/effect loss"", ""Evidence and recovery state retained""]"
EDGE-021,cross-cutting,system-edge,A security questionnaire asks for certification not yet earned,"[""A relevant product workflow is active""]","[""Fail closed or degrade safely"", ""No hidden data/effect loss"", ""Evidence and recovery state retained""]"
EDGE-022,cross-cutting,system-edge,Pilot acceptance criteria change after implementation begins,"[""A relevant product workflow is active""]","[""Fail closed or degrade safely"", ""No hidden data/effect loss"", ""Evidence and recovery state retained""]"
EDGE-023,cross-cutting,system-edge,A high-severity scanner result is a false positive but lacks suppressing evidence,"[""A relevant product workflow is active""]","[""Fail closed or degrade safely"", ""No hidden data/effect loss"", ""Evidence and recovery state retained""]"
EDGE-024,cross-cutting,system-edge,A low-severity code smell is the root cause of many production incidents,"[""A relevant product workflow is active""]","[""Fail closed or degrade safely"", ""No hidden data/effect loss"", ""Evidence and recovery state retained""]"
EDGE-025,cross-cutting,system-edge,Current behavior is inconsistent but business owners want it preserved temporarily,"[""A relevant product workflow is active""]","[""Fail closed or degrade safely"", ""No hidden data/effect loss"", ""Evidence and recovery state retained""]"
EDGE-026,cross-cutting,system-edge,Performance improvement changes event ordering within an allowed contract,"[""A relevant product workflow is active""]","[""Fail closed or degrade safely"", ""No hidden data/effect loss"", ""Evidence and recovery state retained""]"
EDGE-027,cross-cutting,system-edge,Canary rollback restores code but not already migrated data,"[""A relevant product workflow is active""]","[""Fail closed or degrade safely"", ""No hidden data/effect loss"", ""Evidence and recovery state retained""]"
EDGE-028,cross-cutting,system-edge,Shadow traffic accidentally invokes a non-idempotent tool,"[""A relevant product workflow is active""]","[""Fail closed or degrade safely"", ""No hidden data/effect loss"", ""Evidence and recovery state retained""]"
EDGE-029,cross-cutting,system-edge,Customer environment cannot run required verification tool,"[""A relevant product workflow is active""]","[""Fail closed or degrade safely"", ""No hidden data/effect loss"", ""Evidence and recovery state retained""]"
EDGE-030,cross-cutting,system-edge,A regulated customer requires independent evidence replay in its own VPC,"[""A relevant product workflow is active""]","[""Fail closed or degrade safely"", ""No hidden data/effect loss"", ""Evidence and recovery state retained""]"
