source,target,route_class,default_mode,semantic_bridge,minimum_gate,readiness
java,java,in-place-modernization,modernize,,executed-evidence,not-run
java,kotlin,ir-mediated-planned,assess-then-convert,,executed-evidence,not-run
java,python,ir-mediated-planned,assess-then-convert,,executed-evidence,not-run
java,csharp,ir-mediated-planned,assess-then-convert,,executed-evidence,not-run
java,go,ir-mediated-planned,assess-then-convert,,executed-evidence,not-run
java,rust,ir-mediated-planned,assess-then-convert,native-abi+safety,executed-evidence,not-run
java,cpp,ir-mediated-planned,assess-then-convert,native-abi+safety,executed-evidence,not-run
java,php,ir-mediated-planned,assess-then-convert,,executed-evidence,not-run
java,typescript,ir-mediated-planned,assess-then-convert,,executed-evidence,not-run
java,react,ir-mediated-planned,assess-then-convert,,executed-evidence,not-run
java,objc,ir-mediated-planned,assess-then-convert,,executed-evidence,not-run
java,swift,ir-mediated-planned,assess-then-convert,,executed-evidence,not-run
java,flutter,ir-mediated-planned,assess-then-convert,,executed-evidence,not-run
java,javascript,ir-mediated-planned,assess-then-convert,,executed-evidence,not-run
java,c,ir-mediated-planned,assess-then-convert,repository+business-rule+behavior+native-abi+safety,executed-evidence,not-run
java,cobol,ir-mediated-planned,assess-then-convert,repository+business-rule+behavior+record+transaction+4gl,executed-evidence,not-run
java,rpg,ir-mediated-planned,assess-then-convert,repository+business-rule+behavior+record+transaction+4gl,executed-evidence,not-run
java,pli,ir-mediated-planned,assess-then-convert,repository+business-rule+behavior+record+transaction+4gl,executed-evidence,not-run
java,vb6,ir-mediated-planned,assess-then-convert,repository+business-rule+behavior,executed-evidence,not-run
java,vbscript,ir-mediated-planned,assess-then-convert,repository+business-rule+behavior,executed-evidence,not-run
java,object-pascal,ir-mediated-planned,assess-then-convert,repository+business-rule+behavior,executed-evidence,not-run
java,powerscript,ir-mediated-planned,assess-then-convert,repository+business-rule+behavior+record+transaction+4gl,executed-evidence,not-run
java,abap,ir-mediated-planned,assess-then-convert,repository+business-rule+behavior+record+transaction+4gl,executed-evidence,not-run
java,natural,ir-mediated-planned,assess-then-convert,repository+business-rule+behavior+record+transaction+4gl,executed-evidence,not-run
java,abl,ir-mediated-planned,assess-then-convert,repository+business-rule+behavior+record+transaction+4gl,executed-evidence,not-run
java,fortran,ir-mediated-planned,assess-then-convert,repository+business-rule+behavior+numerical,executed-evidence,not-run
java,ada-spark,ir-mediated-planned,assess-then-convert,repository+business-rule+behavior+native-abi+safety,executed-evidence,not-run
java,xbase,ir-mediated-planned,assess-then-convert,repository+business-rule+behavior+record+transaction+4gl,executed-evidence,not-run
kotlin,java,ir-mediated-planned,assess-then-convert,,executed-evidence,not-run
kotlin,kotlin,in-place-modernization,modernize,,executed-evidence,not-run
kotlin,python,ir-mediated-planned,assess-then-convert,,executed-evidence,not-run
kotlin,csharp,ir-mediated-planned,assess-then-convert,,executed-evidence,not-run
kotlin,go,ir-mediated-planned,assess-then-convert,,executed-evidence,not-run
kotlin,rust,ir-mediated-planned,assess-then-convert,native-abi+safety,executed-evidence,not-run
kotlin,cpp,ir-mediated-planned,assess-then-convert,native-abi+safety,executed-evidence,not-run
kotlin,php,ir-mediated-planned,assess-then-convert,,executed-evidence,not-run
kotlin,typescript,ir-mediated-planned,assess-then-convert,,executed-evidence,not-run
kotlin,react,ir-mediated-planned,assess-then-convert,,executed-evidence,not-run
kotlin,objc,ir-mediated-planned,assess-then-convert,,executed-evidence,not-run
kotlin,swift,ir-mediated-planned,assess-then-convert,,executed-evidence,not-run
kotlin,flutter,ir-mediated-planned,assess-then-convert,,executed-evidence,not-run
kotlin,javascript,ir-mediated-planned,assess-then-convert,,executed-evidence,not-run
kotlin,c,ir-mediated-planned,assess-then-convert,repository+business-rule+behavior+native-abi+safety,executed-evidence,not-run
kotlin,cobol,ir-mediated-planned,assess-then-convert,repository+business-rule+behavior+record+transaction+4gl,executed-evidence,not-run
kotlin,rpg,ir-mediated-planned,assess-then-convert,repository+business-rule+behavior+record+transaction+4gl,executed-evidence,not-run
kotlin,pli,ir-mediated-planned,assess-then-convert,repository+business-rule+behavior+record+transaction+4gl,executed-evidence,not-run
kotlin,vb6,ir-mediated-planned,assess-then-convert,repository+business-rule+behavior,executed-evidence,not-run
kotlin,vbscript,ir-mediated-planned,assess-then-convert,repository+business-rule+behavior,executed-evidence,not-run
kotlin,object-pascal,ir-mediated-planned,assess-then-convert,repository+business-rule+behavior,executed-evidence,not-run
kotlin,powerscript,ir-mediated-planned,assess-then-convert,repository+business-rule+behavior+record+transaction+4gl,executed-evidence,not-run
kotlin,abap,ir-mediated-planned,assess-then-convert,repository+business-rule+behavior+record+transaction+4gl,executed-evidence,not-run
kotlin,natural,ir-mediated-planned,assess-then-convert,repository+business-rule+behavior+record+transaction+4gl,executed-evidence,not-run
kotlin,abl,ir-mediated-planned,assess-then-convert,repository+business-rule+behavior+record+transaction+4gl,executed-evidence,not-run
kotlin,fortran,ir-mediated-planned,assess-then-convert,repository+business-rule+behavior+numerical,executed-evidence,not-run
kotlin,ada-spark,ir-mediated-planned,assess-then-convert,repository+business-rule+behavior+native-abi+safety,executed-evidence,not-run
kotlin,xbase,ir-mediated-planned,assess-then-convert,repository+business-rule+behavior+record+transaction+4gl,executed-evidence,not-run
python,java,ir-mediated-planned,assess-then-convert,,executed-evidence,not-run
python,kotlin,ir-mediated-planned,assess-then-convert,,executed-evidence,not-run
python,python,in-place-modernization,modernize,,executed-evidence,not-run
python,csharp,ir-mediated-planned,assess-then-convert,,executed-evidence,not-run
python,go,ir-mediated-planned,assess-then-convert,,executed-evidence,not-run
python,rust,ir-mediated-planned,assess-then-convert,native-abi+safety,executed-evidence,not-run
python,cpp,ir-mediated-planned,assess-then-convert,native-abi+safety,executed-evidence,not-run
python,php,ir-mediated-planned,assess-then-convert,,executed-evidence,not-run
python,typescript,ir-mediated-planned,assess-then-convert,,executed-evidence,not-run
python,react,ir-mediated-planned,assess-then-convert,,executed-evidence,not-run
python,objc,ir-mediated-planned,assess-then-convert,,executed-evidence,not-run
python,swift,ir-mediated-planned,assess-then-convert,,executed-evidence,not-run
python,flutter,ir-mediated-planned,assess-then-convert,,executed-evidence,not-run
python,javascript,ir-mediated-planned,assess-then-convert,,executed-evidence,not-run
python,c,ir-mediated-planned,assess-then-convert,repository+business-rule+behavior+native-abi+safety,executed-evidence,not-run
python,cobol,ir-mediated-planned,assess-then-convert,repository+business-rule+behavior+record+transaction+4gl,executed-evidence,not-run
python,rpg,ir-mediated-planned,assess-then-convert,repository+business-rule+behavior+record+transaction+4gl,executed-evidence,not-run
python,pli,ir-mediated-planned,assess-then-convert,repository+business-rule+behavior+record+transaction+4gl,executed-evidence,not-run
python,vb6,ir-mediated-planned,assess-then-convert,repository+business-rule+behavior,executed-evidence,not-run
python,vbscript,ir-mediated-planned,assess-then-convert,repository+business-rule+behavior,executed-evidence,not-run
python,object-pascal,ir-mediated-planned,assess-then-convert,repository+business-rule+behavior,executed-evidence,not-run
python,powerscript,ir-mediated-planned,assess-then-convert,repository+business-rule+behavior+record+transaction+4gl,executed-evidence,not-run
python,abap,ir-mediated-planned,assess-then-convert,repository+business-rule+behavior+record+transaction+4gl,executed-evidence,not-run
python,natural,ir-mediated-planned,assess-then-convert,repository+business-rule+behavior+record+transaction+4gl,executed-evidence,not-run
python,abl,ir-mediated-planned,assess-then-convert,repository+business-rule+behavior+record+transaction+4gl,executed-evidence,not-run
python,fortran,ir-mediated-planned,assess-then-convert,repository+business-rule+behavior+numerical,executed-evidence,not-run
python,ada-spark,ir-mediated-planned,assess-then-convert,repository+business-rule+behavior+native-abi+safety,executed-evidence,not-run
python,xbase,ir-mediated-planned,assess-then-convert,repository+business-rule+behavior+record+transaction+4gl,executed-evidence,not-run
csharp,java,ir-mediated-planned,assess-then-convert,,executed-evidence,not-run
csharp,kotlin,ir-mediated-planned,assess-then-convert,,executed-evidence,not-run
csharp,python,ir-mediated-planned,assess-then-convert,,executed-evidence,not-run
csharp,csharp,in-place-modernization,modernize,,executed-evidence,not-run
csharp,go,ir-mediated-planned,assess-then-convert,,executed-evidence,not-run
csharp,rust,ir-mediated-planned,assess-then-convert,native-abi+safety,executed-evidence,not-run
csharp,cpp,ir-mediated-planned,assess-then-convert,native-abi+safety,executed-evidence,not-run
csharp,php,ir-mediated-planned,assess-then-convert,,executed-evidence,not-run
csharp,typescript,ir-mediated-planned,assess-then-convert,,executed-evidence,not-run
csharp,react,ir-mediated-planned,assess-then-convert,,executed-evidence,not-run
csharp,objc,ir-mediated-planned,assess-then-convert,,executed-evidence,not-run
csharp,swift,ir-mediated-planned,assess-then-convert,,executed-evidence,not-run
csharp,flutter,ir-mediated-planned,assess-then-convert,,executed-evidence,not-run
csharp,javascript,ir-mediated-planned,assess-then-convert,,executed-evidence,not-run
csharp,c,ir-mediated-planned,assess-then-convert,repository+business-rule+behavior+native-abi+safety,executed-evidence,not-run
csharp,cobol,ir-mediated-planned,assess-then-convert,repository+business-rule+behavior+record+transaction+4gl,executed-evidence,not-run
csharp,rpg,ir-mediated-planned,assess-then-convert,repository+business-rule+behavior+record+transaction+4gl,executed-evidence,not-run
csharp,pli,ir-mediated-planned,assess-then-convert,repository+business-rule+behavior+record+transaction+4gl,executed-evidence,not-run
csharp,vb6,ir-mediated-planned,assess-then-convert,repository+business-rule+behavior,executed-evidence,not-run
csharp,vbscript,ir-mediated-planned,assess-then-convert,repository+business-rule+behavior,executed-evidence,not-run
csharp,object-pascal,ir-mediated-planned,assess-then-convert,repository+business-rule+behavior,executed-evidence,not-run
csharp,powerscript,ir-mediated-planned,assess-then-convert,repository+business-rule+behavior+record+transaction+4gl,executed-evidence,not-run
csharp,abap,ir-mediated-planned,assess-then-convert,repository+business-rule+behavior+record+transaction+4gl,executed-evidence,not-run
csharp,natural,ir-mediated-planned,assess-then-convert,repository+business-rule+behavior+record+transaction+4gl,executed-evidence,not-run
csharp,abl,ir-mediated-planned,assess-then-convert,repository+business-rule+behavior+record+transaction+4gl,executed-evidence,not-run
csharp,fortran,ir-mediated-planned,assess-then-convert,repository+business-rule+behavior+numerical,executed-evidence,not-run
csharp,ada-spark,ir-mediated-planned,assess-then-convert,repository+business-rule+behavior+native-abi+safety,executed-evidence,not-run
csharp,xbase,ir-mediated-planned,assess-then-convert,repository+business-rule+behavior+record+transaction+4gl,executed-evidence,not-run
go,java,ir-mediated-planned,assess-then-convert,,executed-evidence,not-run
go,kotlin,ir-mediated-planned,assess-then-convert,,executed-evidence,not-run
go,python,ir-mediated-planned,assess-then-convert,,executed-evidence,not-run
go,csharp,ir-mediated-planned,assess-then-convert,,executed-evidence,not-run
go,go,in-place-modernization,modernize,,executed-evidence,not-run
go,rust,ir-mediated-planned,assess-then-convert,native-abi+safety,executed-evidence,not-run
go,cpp,ir-mediated-planned,assess-then-convert,native-abi+safety,executed-evidence,not-run
go,php,ir-mediated-planned,assess-then-convert,,executed-evidence,not-run
go,typescript,ir-mediated-planned,assess-then-convert,,executed-evidence,not-run
go,react,ir-mediated-planned,assess-then-convert,,executed-evidence,not-run
go,objc,ir-mediated-planned,assess-then-convert,,executed-evidence,not-run
go,swift,ir-mediated-planned,assess-then-convert,,executed-evidence,not-run
go,flutter,ir-mediated-planned,assess-then-convert,,executed-evidence,not-run
go,javascript,ir-mediated-planned,assess-then-convert,,executed-evidence,not-run
go,c,ir-mediated-planned,assess-then-convert,repository+business-rule+behavior+native-abi+safety,executed-evidence,not-run
go,cobol,ir-mediated-planned,assess-then-convert,repository+business-rule+behavior+record+transaction+4gl,executed-evidence,not-run
go,rpg,ir-mediated-planned,assess-then-convert,repository+business-rule+behavior+record+transaction+4gl,executed-evidence,not-run
go,pli,ir-mediated-planned,assess-then-convert,repository+business-rule+behavior+record+transaction+4gl,executed-evidence,not-run
go,vb6,ir-mediated-planned,assess-then-convert,repository+business-rule+behavior,executed-evidence,not-run
go,vbscript,ir-mediated-planned,assess-then-convert,repository+business-rule+behavior,executed-evidence,not-run
go,object-pascal,ir-mediated-planned,assess-then-convert,repository+business-rule+behavior,executed-evidence,not-run
go,powerscript,ir-mediated-planned,assess-then-convert,repository+business-rule+behavior+record+transaction+4gl,executed-evidence,not-run
go,abap,ir-mediated-planned,assess-then-convert,repository+business-rule+behavior+record+transaction+4gl,executed-evidence,not-run
go,natural,ir-mediated-planned,assess-then-convert,repository+business-rule+behavior+record+transaction+4gl,executed-evidence,not-run
go,abl,ir-mediated-planned,assess-then-convert,repository+business-rule+behavior+record+transaction+4gl,executed-evidence,not-run
go,fortran,ir-mediated-planned,assess-then-convert,repository+business-rule+behavior+numerical,executed-evidence,not-run
go,ada-spark,ir-mediated-planned,assess-then-convert,repository+business-rule+behavior+native-abi+safety,executed-evidence,not-run
go,xbase,ir-mediated-planned,assess-then-convert,repository+business-rule+behavior+record+transaction+4gl,executed-evidence,not-run
rust,java,ir-mediated-planned,assess-then-convert,native-abi+safety,executed-evidence,not-run
rust,kotlin,ir-mediated-planned,assess-then-convert,native-abi+safety,executed-evidence,not-run
rust,python,ir-mediated-planned,assess-then-convert,native-abi+safety,executed-evidence,not-run
rust,csharp,ir-mediated-planned,assess-then-convert,native-abi+safety,executed-evidence,not-run
rust,go,ir-mediated-planned,assess-then-convert,native-abi+safety,executed-evidence,not-run
rust,rust,in-place-modernization,modernize,native-abi+safety,executed-evidence,not-run
rust,cpp,ir-mediated-planned,assess-then-convert,native-abi+safety,executed-evidence,not-run
rust,php,ir-mediated-planned,assess-then-convert,native-abi+safety,executed-evidence,not-run
rust,typescript,ir-mediated-planned,assess-then-convert,native-abi+safety,executed-evidence,not-run
rust,react,ir-mediated-planned,assess-then-convert,native-abi+safety,executed-evidence,not-run
rust,objc,ir-mediated-planned,assess-then-convert,native-abi+safety,executed-evidence,not-run
rust,swift,ir-mediated-planned,assess-then-convert,native-abi+safety,executed-evidence,not-run
rust,flutter,ir-mediated-planned,assess-then-convert,native-abi+safety,executed-evidence,not-run
rust,javascript,ir-mediated-planned,assess-then-convert,native-abi+safety,executed-evidence,not-run
rust,c,ir-mediated-planned,assess-then-convert,repository+business-rule+behavior+native-abi+safety,executed-evidence,not-run
rust,cobol,ir-mediated-planned,assess-then-convert,repository+business-rule+behavior+native-abi+safety+record+transaction+4gl,executed-evidence,not-run
rust,rpg,ir-mediated-planned,assess-then-convert,repository+business-rule+behavior+native-abi+safety+record+transaction+4gl,executed-evidence,not-run
rust,pli,ir-mediated-planned,assess-then-convert,repository+business-rule+behavior+native-abi+safety+record+transaction+4gl,executed-evidence,not-run
rust,vb6,ir-mediated-planned,assess-then-convert,repository+business-rule+behavior+native-abi+safety,executed-evidence,not-run
rust,vbscript,ir-mediated-planned,assess-then-convert,repository+business-rule+behavior+native-abi+safety,executed-evidence,not-run
rust,object-pascal,ir-mediated-planned,assess-then-convert,repository+business-rule+behavior+native-abi+safety,executed-evidence,not-run
rust,powerscript,ir-mediated-planned,assess-then-convert,repository+business-rule+behavior+native-abi+safety+record+transaction+4gl,executed-evidence,not-run
rust,abap,ir-mediated-planned,assess-then-convert,repository+business-rule+behavior+native-abi+safety+record+transaction+4gl,executed-evidence,not-run
rust,natural,ir-mediated-planned,assess-then-convert,repository+business-rule+behavior+native-abi+safety+record+transaction+4gl,executed-evidence,not-run
rust,abl,ir-mediated-planned,assess-then-convert,repository+business-rule+behavior+native-abi+safety+record+transaction+4gl,executed-evidence,not-run
rust,fortran,ir-mediated-planned,assess-then-convert,repository+business-rule+behavior+native-abi+safety+numerical,executed-evidence,not-run
rust,ada-spark,reference-golden-route,convert,repository+business-rule+behavior+native-abi+safety,executed-evidence,not-run
rust,xbase,ir-mediated-planned,assess-then-convert,repository+business-rule+behavior+native-abi+safety+record+transaction+4gl,executed-evidence,not-run
cpp,java,ir-mediated-planned,assess-then-convert,native-abi+safety,executed-evidence,not-run
cpp,kotlin,ir-mediated-planned,assess-then-convert,native-abi+safety,executed-evidence,not-run
cpp,python,ir-mediated-planned,assess-then-convert,native-abi+safety,executed-evidence,not-run
cpp,csharp,ir-mediated-planned,assess-then-convert,native-abi+safety,executed-evidence,not-run
cpp,go,ir-mediated-planned,assess-then-convert,native-abi+safety,executed-evidence,not-run
cpp,rust,ir-mediated-planned,assess-then-convert,native-abi+safety,executed-evidence,not-run
cpp,cpp,in-place-modernization,modernize,native-abi+safety,executed-evidence,not-run
cpp,php,ir-mediated-planned,assess-then-convert,native-abi+safety,executed-evidence,not-run
cpp,typescript,ir-mediated-planned,assess-then-convert,native-abi+safety,executed-evidence,not-run
cpp,react,ir-mediated-planned,assess-then-convert,native-abi+safety,executed-evidence,not-run
cpp,objc,ir-mediated-planned,assess-then-convert,native-abi+safety,executed-evidence,not-run
cpp,swift,ir-mediated-planned,assess-then-convert,native-abi+safety,executed-evidence,not-run
cpp,flutter,ir-mediated-planned,assess-then-convert,native-abi+safety,executed-evidence,not-run
cpp,javascript,ir-mediated-planned,assess-then-convert,native-abi+safety,executed-evidence,not-run
cpp,c,ir-mediated-planned,assess-then-convert,repository+business-rule+behavior+native-abi+safety,executed-evidence,not-run
cpp,cobol,ir-mediated-planned,assess-then-convert,repository+business-rule+behavior+native-abi+safety+record+transaction+4gl,executed-evidence,not-run
cpp,rpg,ir-mediated-planned,assess-then-convert,repository+business-rule+behavior+native-abi+safety+record+transaction+4gl,executed-evidence,not-run
cpp,pli,ir-mediated-planned,assess-then-convert,repository+business-rule+behavior+native-abi+safety+record+transaction+4gl,executed-evidence,not-run
cpp,vb6,ir-mediated-planned,assess-then-convert,repository+business-rule+behavior+native-abi+safety,executed-evidence,not-run
cpp,vbscript,ir-mediated-planned,assess-then-convert,repository+business-rule+behavior+native-abi+safety,executed-evidence,not-run
cpp,object-pascal,ir-mediated-planned,assess-then-convert,repository+business-rule+behavior+native-abi+safety,executed-evidence,not-run
cpp,powerscript,ir-mediated-planned,assess-then-convert,repository+business-rule+behavior+native-abi+safety+record+transaction+4gl,executed-evidence,not-run
cpp,abap,ir-mediated-planned,assess-then-convert,repository+business-rule+behavior+native-abi+safety+record+transaction+4gl,executed-evidence,not-run
cpp,natural,ir-mediated-planned,assess-then-convert,repository+business-rule+behavior+native-abi+safety+record+transaction+4gl,executed-evidence,not-run
cpp,abl,ir-mediated-planned,assess-then-convert,repository+business-rule+behavior+native-abi+safety+record+transaction+4gl,executed-evidence,not-run
cpp,fortran,ir-mediated-planned,assess-then-convert,repository+business-rule+behavior+native-abi+safety+numerical,executed-evidence,not-run
cpp,ada-spark,ir-mediated-planned,assess-then-convert,repository+business-rule+behavior+native-abi+safety,executed-evidence,not-run
cpp,xbase,ir-mediated-planned,assess-then-convert,repository+business-rule+behavior+native-abi+safety+record+transaction+4gl,executed-evidence,not-run
php,java,ir-mediated-planned,assess-then-convert,,executed-evidence,not-run
php,kotlin,ir-mediated-planned,assess-then-convert,,executed-evidence,not-run
php,python,ir-mediated-planned,assess-then-convert,,executed-evidence,not-run
php,csharp,ir-mediated-planned,assess-then-convert,,executed-evidence,not-run
php,go,ir-mediated-planned,assess-then-convert,,executed-evidence,not-run
php,rust,ir-mediated-planned,assess-then-convert,native-abi+safety,executed-evidence,not-run
php,cpp,ir-mediated-planned,assess-then-convert,native-abi+safety,executed-evidence,not-run
php,php,in-place-modernization,modernize,,executed-evidence,not-run
php,typescript,ir-mediated-planned,assess-then-convert,,executed-evidence,not-run
php,react,ir-mediated-planned,assess-then-convert,,executed-evidence,not-run
php,objc,ir-mediated-planned,assess-then-convert,,executed-evidence,not-run
php,swift,ir-mediated-planned,assess-then-convert,,executed-evidence,not-run
php,flutter,ir-mediated-planned,assess-then-convert,,executed-evidence,not-run
php,javascript,ir-mediated-planned,assess-then-convert,,executed-evidence,not-run
php,c,ir-mediated-planned,assess-then-convert,repository+business-rule+behavior+native-abi+safety,executed-evidence,not-run
php,cobol,ir-mediated-planned,assess-then-convert,repository+business-rule+behavior+record+transaction+4gl,executed-evidence,not-run
php,rpg,ir-mediated-planned,assess-then-convert,repository+business-rule+behavior+record+transaction+4gl,executed-evidence,not-run
php,pli,ir-mediated-planned,assess-then-convert,repository+business-rule+behavior+record+transaction+4gl,executed-evidence,not-run
php,vb6,ir-mediated-planned,assess-then-convert,repository+business-rule+behavior,executed-evidence,not-run
php,vbscript,ir-mediated-planned,assess-then-convert,repository+business-rule+behavior,executed-evidence,not-run
php,object-pascal,ir-mediated-planned,assess-then-convert,repository+business-rule+behavior,executed-evidence,not-run
php,powerscript,ir-mediated-planned,assess-then-convert,repository+business-rule+behavior+record+transaction+4gl,executed-evidence,not-run
php,abap,ir-mediated-planned,assess-then-convert,repository+business-rule+behavior+record+transaction+4gl,executed-evidence,not-run
php,natural,ir-mediated-planned,assess-then-convert,repository+business-rule+behavior+record+transaction+4gl,executed-evidence,not-run
php,abl,ir-mediated-planned,assess-then-convert,repository+business-rule+behavior+record+transaction+4gl,executed-evidence,not-run
php,fortran,ir-mediated-planned,assess-then-convert,repository+business-rule+behavior+numerical,executed-evidence,not-run
php,ada-spark,ir-mediated-planned,assess-then-convert,repository+business-rule+behavior+native-abi+safety,executed-evidence,not-run
php,xbase,ir-mediated-planned,assess-then-convert,repository+business-rule+behavior+record+transaction+4gl,executed-evidence,not-run
typescript,java,ir-mediated-planned,assess-then-convert,,executed-evidence,not-run
typescript,kotlin,ir-mediated-planned,assess-then-convert,,executed-evidence,not-run
typescript,python,ir-mediated-planned,assess-then-convert,,executed-evidence,not-run
typescript,csharp,ir-mediated-planned,assess-then-convert,,executed-evidence,not-run
typescript,go,ir-mediated-planned,assess-then-convert,,executed-evidence,not-run
typescript,rust,ir-mediated-planned,assess-then-convert,native-abi+safety,executed-evidence,not-run
typescript,cpp,ir-mediated-planned,assess-then-convert,native-abi+safety,executed-evidence,not-run
typescript,php,ir-mediated-planned,assess-then-convert,,executed-evidence,not-run
typescript,typescript,in-place-modernization,modernize,,executed-evidence,not-run
typescript,react,ir-mediated-planned,assess-then-convert,,executed-evidence,not-run
typescript,objc,ir-mediated-planned,assess-then-convert,,executed-evidence,not-run
typescript,swift,ir-mediated-planned,assess-then-convert,,executed-evidence,not-run
typescript,flutter,ir-mediated-planned,assess-then-convert,,executed-evidence,not-run
typescript,javascript,ir-mediated-planned,assess-then-convert,,executed-evidence,not-run
typescript,c,ir-mediated-planned,assess-then-convert,repository+business-rule+behavior+native-abi+safety,executed-evidence,not-run
typescript,cobol,ir-mediated-planned,assess-then-convert,repository+business-rule+behavior+record+transaction+4gl,executed-evidence,not-run
typescript,rpg,ir-mediated-planned,assess-then-convert,repository+business-rule+behavior+record+transaction+4gl,executed-evidence,not-run
typescript,pli,ir-mediated-planned,assess-then-convert,repository+business-rule+behavior+record+transaction+4gl,executed-evidence,not-run
typescript,vb6,ir-mediated-planned,assess-then-convert,repository+business-rule+behavior,executed-evidence,not-run
typescript,vbscript,ir-mediated-planned,assess-then-convert,repository+business-rule+behavior,executed-evidence,not-run
typescript,object-pascal,ir-mediated-planned,assess-then-convert,repository+business-rule+behavior,executed-evidence,not-run
typescript,powerscript,ir-mediated-planned,assess-then-convert,repository+business-rule+behavior+record+transaction+4gl,executed-evidence,not-run
typescript,abap,ir-mediated-planned,assess-then-convert,repository+business-rule+behavior+record+transaction+4gl,executed-evidence,not-run
typescript,natural,ir-mediated-planned,assess-then-convert,repository+business-rule+behavior+record+transaction+4gl,executed-evidence,not-run
typescript,abl,ir-mediated-planned,assess-then-convert,repository+business-rule+behavior+record+transaction+4gl,executed-evidence,not-run
typescript,fortran,ir-mediated-planned,assess-then-convert,repository+business-rule+behavior+numerical,executed-evidence,not-run
typescript,ada-spark,ir-mediated-planned,assess-then-convert,repository+business-rule+behavior+native-abi+safety,executed-evidence,not-run
typescript,xbase,ir-mediated-planned,assess-then-convert,repository+business-rule+behavior+record+transaction+4gl,executed-evidence,not-run
react,java,ir-mediated-planned,assess-then-convert,,executed-evidence,not-run
react,kotlin,ir-mediated-planned,assess-then-convert,,executed-evidence,not-run
react,python,ir-mediated-planned,assess-then-convert,,executed-evidence,not-run
react,csharp,ir-mediated-planned,assess-then-convert,,executed-evidence,not-run
react,go,ir-mediated-planned,assess-then-convert,,executed-evidence,not-run
react,rust,ir-mediated-planned,assess-then-convert,native-abi+safety,executed-evidence,not-run
react,cpp,ir-mediated-planned,assess-then-convert,native-abi+safety,executed-evidence,not-run
react,php,ir-mediated-planned,assess-then-convert,,executed-evidence,not-run
react,typescript,ir-mediated-planned,assess-then-convert,,executed-evidence,not-run
react,react,in-place-modernization,modernize,,executed-evidence,not-run
react,objc,ir-mediated-planned,assess-then-convert,,executed-evidence,not-run
react,swift,ir-mediated-planned,assess-then-convert,,executed-evidence,not-run
react,flutter,ir-mediated-planned,assess-then-convert,,executed-evidence,not-run
react,javascript,ir-mediated-planned,assess-then-convert,,executed-evidence,not-run
react,c,ir-mediated-planned,assess-then-convert,repository+business-rule+behavior+native-abi+safety,executed-evidence,not-run
react,cobol,ir-mediated-planned,assess-then-convert,repository+business-rule+behavior+record+transaction+4gl,executed-evidence,not-run
react,rpg,ir-mediated-planned,assess-then-convert,repository+business-rule+behavior+record+transaction+4gl,executed-evidence,not-run
react,pli,ir-mediated-planned,assess-then-convert,repository+business-rule+behavior+record+transaction+4gl,executed-evidence,not-run
react,vb6,ir-mediated-planned,assess-then-convert,repository+business-rule+behavior,executed-evidence,not-run
react,vbscript,ir-mediated-planned,assess-then-convert,repository+business-rule+behavior,executed-evidence,not-run
react,object-pascal,ir-mediated-planned,assess-then-convert,repository+business-rule+behavior,executed-evidence,not-run
react,powerscript,ir-mediated-planned,assess-then-convert,repository+business-rule+behavior+record+transaction+4gl,executed-evidence,not-run
react,abap,ir-mediated-planned,assess-then-convert,repository+business-rule+behavior+record+transaction+4gl,executed-evidence,not-run
react,natural,ir-mediated-planned,assess-then-convert,repository+business-rule+behavior+record+transaction+4gl,executed-evidence,not-run
react,abl,ir-mediated-planned,assess-then-convert,repository+business-rule+behavior+record+transaction+4gl,executed-evidence,not-run
react,fortran,ir-mediated-planned,assess-then-convert,repository+business-rule+behavior+numerical,executed-evidence,not-run
react,ada-spark,ir-mediated-planned,assess-then-convert,repository+business-rule+behavior+native-abi+safety,executed-evidence,not-run
react,xbase,ir-mediated-planned,assess-then-convert,repository+business-rule+behavior+record+transaction+4gl,executed-evidence,not-run
objc,java,ir-mediated-planned,assess-then-convert,,executed-evidence,not-run
objc,kotlin,ir-mediated-planned,assess-then-convert,,executed-evidence,not-run
objc,python,ir-mediated-planned,assess-then-convert,,executed-evidence,not-run
objc,csharp,ir-mediated-planned,assess-then-convert,,executed-evidence,not-run
objc,go,ir-mediated-planned,assess-then-convert,,executed-evidence,not-run
objc,rust,ir-mediated-planned,assess-then-convert,native-abi+safety,executed-evidence,not-run
objc,cpp,ir-mediated-planned,assess-then-convert,native-abi+safety,executed-evidence,not-run
objc,php,ir-mediated-planned,assess-then-convert,,executed-evidence,not-run
objc,typescript,ir-mediated-planned,assess-then-convert,,executed-evidence,not-run
objc,react,ir-mediated-planned,assess-then-convert,,executed-evidence,not-run
objc,objc,in-place-modernization,modernize,,executed-evidence,not-run
objc,swift,ir-mediated-planned,assess-then-convert,,executed-evidence,not-run
objc,flutter,ir-mediated-planned,assess-then-convert,,executed-evidence,not-run
objc,javascript,ir-mediated-planned,assess-then-convert,,executed-evidence,not-run
objc,c,ir-mediated-planned,assess-then-convert,repository+business-rule+behavior+native-abi+safety,executed-evidence,not-run
objc,cobol,ir-mediated-planned,assess-then-convert,repository+business-rule+behavior+record+transaction+4gl,executed-evidence,not-run
objc,rpg,ir-mediated-planned,assess-then-convert,repository+business-rule+behavior+record+transaction+4gl,executed-evidence,not-run
objc,pli,ir-mediated-planned,assess-then-convert,repository+business-rule+behavior+record+transaction+4gl,executed-evidence,not-run
objc,vb6,ir-mediated-planned,assess-then-convert,repository+business-rule+behavior,executed-evidence,not-run
objc,vbscript,ir-mediated-planned,assess-then-convert,repository+business-rule+behavior,executed-evidence,not-run
objc,object-pascal,ir-mediated-planned,assess-then-convert,repository+business-rule+behavior,executed-evidence,not-run
objc,powerscript,ir-mediated-planned,assess-then-convert,repository+business-rule+behavior+record+transaction+4gl,executed-evidence,not-run
objc,abap,ir-mediated-planned,assess-then-convert,repository+business-rule+behavior+record+transaction+4gl,executed-evidence,not-run
objc,natural,ir-mediated-planned,assess-then-convert,repository+business-rule+behavior+record+transaction+4gl,executed-evidence,not-run
objc,abl,ir-mediated-planned,assess-then-convert,repository+business-rule+behavior+record+transaction+4gl,executed-evidence,not-run
objc,fortran,ir-mediated-planned,assess-then-convert,repository+business-rule+behavior+numerical,executed-evidence,not-run
objc,ada-spark,ir-mediated-planned,assess-then-convert,repository+business-rule+behavior+native-abi+safety,executed-evidence,not-run
objc,xbase,ir-mediated-planned,assess-then-convert,repository+business-rule+behavior+record+transaction+4gl,executed-evidence,not-run
swift,java,ir-mediated-planned,assess-then-convert,,executed-evidence,not-run
swift,kotlin,ir-mediated-planned,assess-then-convert,,executed-evidence,not-run
swift,python,ir-mediated-planned,assess-then-convert,,executed-evidence,not-run
swift,csharp,ir-mediated-planned,assess-then-convert,,executed-evidence,not-run
swift,go,ir-mediated-planned,assess-then-convert,,executed-evidence,not-run
swift,rust,ir-mediated-planned,assess-then-convert,native-abi+safety,executed-evidence,not-run
swift,cpp,ir-mediated-planned,assess-then-convert,native-abi+safety,executed-evidence,not-run
swift,php,ir-mediated-planned,assess-then-convert,,executed-evidence,not-run
swift,typescript,ir-mediated-planned,assess-then-convert,,executed-evidence,not-run
swift,react,ir-mediated-planned,assess-then-convert,,executed-evidence,not-run
swift,objc,ir-mediated-planned,assess-then-convert,,executed-evidence,not-run
swift,swift,in-place-modernization,modernize,,executed-evidence,not-run
swift,flutter,ir-mediated-planned,assess-then-convert,,executed-evidence,not-run
swift,javascript,ir-mediated-planned,assess-then-convert,,executed-evidence,not-run
swift,c,ir-mediated-planned,assess-then-convert,repository+business-rule+behavior+native-abi+safety,executed-evidence,not-run
swift,cobol,ir-mediated-planned,assess-then-convert,repository+business-rule+behavior+record+transaction+4gl,executed-evidence,not-run
swift,rpg,ir-mediated-planned,assess-then-convert,repository+business-rule+behavior+record+transaction+4gl,executed-evidence,not-run
swift,pli,ir-mediated-planned,assess-then-convert,repository+business-rule+behavior+record+transaction+4gl,executed-evidence,not-run
swift,vb6,ir-mediated-planned,assess-then-convert,repository+business-rule+behavior,executed-evidence,not-run
swift,vbscript,ir-mediated-planned,assess-then-convert,repository+business-rule+behavior,executed-evidence,not-run
swift,object-pascal,ir-mediated-planned,assess-then-convert,repository+business-rule+behavior,executed-evidence,not-run
swift,powerscript,ir-mediated-planned,assess-then-convert,repository+business-rule+behavior+record+transaction+4gl,executed-evidence,not-run
swift,abap,ir-mediated-planned,assess-then-convert,repository+business-rule+behavior+record+transaction+4gl,executed-evidence,not-run
swift,natural,ir-mediated-planned,assess-then-convert,repository+business-rule+behavior+record+transaction+4gl,executed-evidence,not-run
swift,abl,ir-mediated-planned,assess-then-convert,repository+business-rule+behavior+record+transaction+4gl,executed-evidence,not-run
swift,fortran,ir-mediated-planned,assess-then-convert,repository+business-rule+behavior+numerical,executed-evidence,not-run
swift,ada-spark,ir-mediated-planned,assess-then-convert,repository+business-rule+behavior+native-abi+safety,executed-evidence,not-run
swift,xbase,ir-mediated-planned,assess-then-convert,repository+business-rule+behavior+record+transaction+4gl,executed-evidence,not-run
flutter,java,ir-mediated-planned,assess-then-convert,,executed-evidence,not-run
flutter,kotlin,ir-mediated-planned,assess-then-convert,,executed-evidence,not-run
flutter,python,ir-mediated-planned,assess-then-convert,,executed-evidence,not-run
flutter,csharp,ir-mediated-planned,assess-then-convert,,executed-evidence,not-run
flutter,go,ir-mediated-planned,assess-then-convert,,executed-evidence,not-run
flutter,rust,ir-mediated-planned,assess-then-convert,native-abi+safety,executed-evidence,not-run
flutter,cpp,ir-mediated-planned,assess-then-convert,native-abi+safety,executed-evidence,not-run
flutter,php,ir-mediated-planned,assess-then-convert,,executed-evidence,not-run
flutter,typescript,ir-mediated-planned,assess-then-convert,,executed-evidence,not-run
flutter,react,ir-mediated-planned,assess-then-convert,,executed-evidence,not-run
flutter,objc,ir-mediated-planned,assess-then-convert,,executed-evidence,not-run
flutter,swift,ir-mediated-planned,assess-then-convert,,executed-evidence,not-run
flutter,flutter,in-place-modernization,modernize,,executed-evidence,not-run
flutter,javascript,ir-mediated-planned,assess-then-convert,,executed-evidence,not-run
flutter,c,ir-mediated-planned,assess-then-convert,repository+business-rule+behavior+native-abi+safety,executed-evidence,not-run
flutter,cobol,ir-mediated-planned,assess-then-convert,repository+business-rule+behavior+record+transaction+4gl,executed-evidence,not-run
flutter,rpg,ir-mediated-planned,assess-then-convert,repository+business-rule+behavior+record+transaction+4gl,executed-evidence,not-run
flutter,pli,ir-mediated-planned,assess-then-convert,repository+business-rule+behavior+record+transaction+4gl,executed-evidence,not-run
flutter,vb6,ir-mediated-planned,assess-then-convert,repository+business-rule+behavior,executed-evidence,not-run
flutter,vbscript,ir-mediated-planned,assess-then-convert,repository+business-rule+behavior,executed-evidence,not-run
flutter,object-pascal,ir-mediated-planned,assess-then-convert,repository+business-rule+behavior,executed-evidence,not-run
flutter,powerscript,ir-mediated-planned,assess-then-convert,repository+business-rule+behavior+record+transaction+4gl,executed-evidence,not-run
flutter,abap,ir-mediated-planned,assess-then-convert,repository+business-rule+behavior+record+transaction+4gl,executed-evidence,not-run
flutter,natural,ir-mediated-planned,assess-then-convert,repository+business-rule+behavior+record+transaction+4gl,executed-evidence,not-run
flutter,abl,ir-mediated-planned,assess-then-convert,repository+business-rule+behavior+record+transaction+4gl,executed-evidence,not-run
flutter,fortran,ir-mediated-planned,assess-then-convert,repository+business-rule+behavior+numerical,executed-evidence,not-run
flutter,ada-spark,ir-mediated-planned,assess-then-convert,repository+business-rule+behavior+native-abi+safety,executed-evidence,not-run
flutter,xbase,ir-mediated-planned,assess-then-convert,repository+business-rule+behavior+record+transaction+4gl,executed-evidence,not-run
javascript,java,ir-mediated-planned,assess-then-convert,,executed-evidence,not-run
javascript,kotlin,ir-mediated-planned,assess-then-convert,,executed-evidence,not-run
javascript,python,ir-mediated-planned,assess-then-convert,,executed-evidence,not-run
javascript,csharp,ir-mediated-planned,assess-then-convert,,executed-evidence,not-run
javascript,go,ir-mediated-planned,assess-then-convert,,executed-evidence,not-run
javascript,rust,ir-mediated-planned,assess-then-convert,native-abi+safety,executed-evidence,not-run
javascript,cpp,ir-mediated-planned,assess-then-convert,native-abi+safety,executed-evidence,not-run
javascript,php,ir-mediated-planned,assess-then-convert,,executed-evidence,not-run
javascript,typescript,ir-mediated-planned,assess-then-convert,,executed-evidence,not-run
javascript,react,ir-mediated-planned,assess-then-convert,,executed-evidence,not-run
javascript,objc,ir-mediated-planned,assess-then-convert,,executed-evidence,not-run
javascript,swift,ir-mediated-planned,assess-then-convert,,executed-evidence,not-run
javascript,flutter,ir-mediated-planned,assess-then-convert,,executed-evidence,not-run
javascript,javascript,in-place-modernization,modernize,,executed-evidence,not-run
javascript,c,ir-mediated-planned,assess-then-convert,repository+business-rule+behavior+native-abi+safety,executed-evidence,not-run
javascript,cobol,ir-mediated-planned,assess-then-convert,repository+business-rule+behavior+record+transaction+4gl,executed-evidence,not-run
javascript,rpg,ir-mediated-planned,assess-then-convert,repository+business-rule+behavior+record+transaction+4gl,executed-evidence,not-run
javascript,pli,ir-mediated-planned,assess-then-convert,repository+business-rule+behavior+record+transaction+4gl,executed-evidence,not-run
javascript,vb6,ir-mediated-planned,assess-then-convert,repository+business-rule+behavior,executed-evidence,not-run
javascript,vbscript,ir-mediated-planned,assess-then-convert,repository+business-rule+behavior,executed-evidence,not-run
javascript,object-pascal,ir-mediated-planned,assess-then-convert,repository+business-rule+behavior,executed-evidence,not-run
javascript,powerscript,ir-mediated-planned,assess-then-convert,repository+business-rule+behavior+record+transaction+4gl,executed-evidence,not-run
javascript,abap,ir-mediated-planned,assess-then-convert,repository+business-rule+behavior+record+transaction+4gl,executed-evidence,not-run
javascript,natural,ir-mediated-planned,assess-then-convert,repository+business-rule+behavior+record+transaction+4gl,executed-evidence,not-run
javascript,abl,ir-mediated-planned,assess-then-convert,repository+business-rule+behavior+record+transaction+4gl,executed-evidence,not-run
javascript,fortran,ir-mediated-planned,assess-then-convert,repository+business-rule+behavior+numerical,executed-evidence,not-run
javascript,ada-spark,ir-mediated-planned,assess-then-convert,repository+business-rule+behavior+native-abi+safety,executed-evidence,not-run
javascript,xbase,ir-mediated-planned,assess-then-convert,repository+business-rule+behavior+record+transaction+4gl,executed-evidence,not-run
c,java,ir-mediated-planned,assess-then-convert,repository+business-rule+behavior+native-abi+safety,executed-evidence,not-run
c,kotlin,ir-mediated-planned,assess-then-convert,repository+business-rule+behavior+native-abi+safety,executed-evidence,not-run
c,python,ir-mediated-planned,assess-then-convert,repository+business-rule+behavior+native-abi+safety,executed-evidence,not-run
c,csharp,ir-mediated-planned,assess-then-convert,repository+business-rule+behavior+native-abi+safety,executed-evidence,not-run
c,go,ir-mediated-planned,assess-then-convert,repository+business-rule+behavior+native-abi+safety,executed-evidence,not-run
c,rust,reference-golden-route,convert,repository+business-rule+behavior+native-abi+safety,executed-evidence,not-run
c,cpp,reference-golden-route,convert,repository+business-rule+behavior+native-abi+safety,executed-evidence,not-run
c,php,ir-mediated-planned,assess-then-convert,repository+business-rule+behavior+native-abi+safety,executed-evidence,not-run
c,typescript,ir-mediated-planned,assess-then-convert,repository+business-rule+behavior+native-abi+safety,executed-evidence,not-run
c,react,ir-mediated-planned,assess-then-convert,repository+business-rule+behavior+native-abi+safety,executed-evidence,not-run
c,objc,ir-mediated-planned,assess-then-convert,repository+business-rule+behavior+native-abi+safety,executed-evidence,not-run
c,swift,ir-mediated-planned,assess-then-convert,repository+business-rule+behavior+native-abi+safety,executed-evidence,not-run
c,flutter,ir-mediated-planned,assess-then-convert,repository+business-rule+behavior+native-abi+safety,executed-evidence,not-run
c,javascript,ir-mediated-planned,assess-then-convert,repository+business-rule+behavior+native-abi+safety,executed-evidence,not-run
c,c,in-place-modernization,modernize,repository+business-rule+behavior+native-abi+safety,executed-evidence,not-run
c,cobol,ir-mediated-planned,assess-then-convert,repository+business-rule+behavior+native-abi+safety+record+transaction+4gl,executed-evidence,not-run
c,rpg,ir-mediated-planned,assess-then-convert,repository+business-rule+behavior+native-abi+safety+record+transaction+4gl,executed-evidence,not-run
c,pli,ir-mediated-planned,assess-then-convert,repository+business-rule+behavior+native-abi+safety+record+transaction+4gl,executed-evidence,not-run
c,vb6,ir-mediated-planned,assess-then-convert,repository+business-rule+behavior+native-abi+safety,executed-evidence,not-run
c,vbscript,ir-mediated-planned,assess-then-convert,repository+business-rule+behavior+native-abi+safety,executed-evidence,not-run
c,object-pascal,ir-mediated-planned,assess-then-convert,repository+business-rule+behavior+native-abi+safety,executed-evidence,not-run
c,powerscript,ir-mediated-planned,assess-then-convert,repository+business-rule+behavior+native-abi+safety+record+transaction+4gl,executed-evidence,not-run
c,abap,ir-mediated-planned,assess-then-convert,repository+business-rule+behavior+native-abi+safety+record+transaction+4gl,executed-evidence,not-run
c,natural,ir-mediated-planned,assess-then-convert,repository+business-rule+behavior+native-abi+safety+record+transaction+4gl,executed-evidence,not-run
c,abl,ir-mediated-planned,assess-then-convert,repository+business-rule+behavior+native-abi+safety+record+transaction+4gl,executed-evidence,not-run
c,fortran,ir-mediated-planned,assess-then-convert,repository+business-rule+behavior+native-abi+safety+numerical,executed-evidence,not-run
c,ada-spark,ir-mediated-planned,assess-then-convert,repository+business-rule+behavior+native-abi+safety,executed-evidence,not-run
c,xbase,ir-mediated-planned,assess-then-convert,repository+business-rule+behavior+native-abi+safety+record+transaction+4gl,executed-evidence,not-run
cobol,java,reference-golden-route,convert,repository+business-rule+behavior+record+transaction+4gl,executed-evidence,not-run
cobol,kotlin,ir-mediated-planned,assess-then-convert,repository+business-rule+behavior+record+transaction+4gl,executed-evidence,not-run
cobol,python,ir-mediated-planned,assess-then-convert,repository+business-rule+behavior+record+transaction+4gl,executed-evidence,not-run
cobol,csharp,reference-golden-route,convert,repository+business-rule+behavior+record+transaction+4gl,executed-evidence,not-run
cobol,go,ir-mediated-planned,assess-then-convert,repository+business-rule+behavior+record+transaction+4gl,executed-evidence,not-run
cobol,rust,ir-mediated-planned,assess-then-convert,repository+business-rule+behavior+native-abi+safety+record+transaction+4gl,executed-evidence,not-run
cobol,cpp,ir-mediated-planned,assess-then-convert,repository+business-rule+behavior+native-abi+safety+record+transaction+4gl,executed-evidence,not-run
cobol,php,ir-mediated-planned,assess-then-convert,repository+business-rule+behavior+record+transaction+4gl,executed-evidence,not-run
cobol,typescript,ir-mediated-planned,assess-then-convert,repository+business-rule+behavior+record+transaction+4gl,executed-evidence,not-run
cobol,react,ir-mediated-planned,assess-then-convert,repository+business-rule+behavior+record+transaction+4gl,executed-evidence,not-run
cobol,objc,ir-mediated-planned,assess-then-convert,repository+business-rule+behavior+record+transaction+4gl,executed-evidence,not-run
cobol,swift,ir-mediated-planned,assess-then-convert,repository+business-rule+behavior+record+transaction+4gl,executed-evidence,not-run
cobol,flutter,ir-mediated-planned,assess-then-convert,repository+business-rule+behavior+record+transaction+4gl,executed-evidence,not-run
cobol,javascript,ir-mediated-planned,assess-then-convert,repository+business-rule+behavior+record+transaction+4gl,executed-evidence,not-run
cobol,c,ir-mediated-planned,assess-then-convert,repository+business-rule+behavior+native-abi+safety+record+transaction+4gl,executed-evidence,not-run
cobol,cobol,in-place-modernization,modernize,repository+business-rule+behavior+record+transaction+4gl,executed-evidence,not-run
cobol,rpg,ir-mediated-planned,assess-then-convert,repository+business-rule+behavior+record+transaction+4gl,executed-evidence,not-run
cobol,pli,ir-mediated-planned,assess-then-convert,repository+business-rule+behavior+record+transaction+4gl,executed-evidence,not-run
cobol,vb6,ir-mediated-planned,assess-then-convert,repository+business-rule+behavior+record+transaction+4gl,executed-evidence,not-run
cobol,vbscript,ir-mediated-planned,assess-then-convert,repository+business-rule+behavior+record+transaction+4gl,executed-evidence,not-run
cobol,object-pascal,ir-mediated-planned,assess-then-convert,repository+business-rule+behavior+record+transaction+4gl,executed-evidence,not-run
cobol,powerscript,ir-mediated-planned,assess-then-convert,repository+business-rule+behavior+record+transaction+4gl,executed-evidence,not-run
cobol,abap,ir-mediated-planned,assess-then-convert,repository+business-rule+behavior+record+transaction+4gl,executed-evidence,not-run
cobol,natural,ir-mediated-planned,assess-then-convert,repository+business-rule+behavior+record+transaction+4gl,executed-evidence,not-run
cobol,abl,ir-mediated-planned,assess-then-convert,repository+business-rule+behavior+record+transaction+4gl,executed-evidence,not-run
cobol,fortran,ir-mediated-planned,assess-then-convert,repository+business-rule+behavior+numerical+record+transaction+4gl,executed-evidence,not-run
cobol,ada-spark,ir-mediated-planned,assess-then-convert,repository+business-rule+behavior+native-abi+safety+record+transaction+4gl,executed-evidence,not-run
cobol,xbase,ir-mediated-planned,assess-then-convert,repository+business-rule+behavior+record+transaction+4gl,executed-evidence,not-run
rpg,java,reference-golden-route,convert,repository+business-rule+behavior+record+transaction+4gl,executed-evidence,not-run
rpg,kotlin,ir-mediated-planned,assess-then-convert,repository+business-rule+behavior+record+transaction+4gl,executed-evidence,not-run
rpg,python,ir-mediated-planned,assess-then-convert,repository+business-rule+behavior+record+transaction+4gl,executed-evidence,not-run
rpg,csharp,reference-golden-route,convert,repository+business-rule+behavior+record+transaction+4gl,executed-evidence,not-run
rpg,go,ir-mediated-planned,assess-then-convert,repository+business-rule+behavior+record+transaction+4gl,executed-evidence,not-run
rpg,rust,ir-mediated-planned,assess-then-convert,repository+business-rule+behavior+native-abi+safety+record+transaction+4gl,executed-evidence,not-run
rpg,cpp,ir-mediated-planned,assess-then-convert,repository+business-rule+behavior+native-abi+safety+record+transaction+4gl,executed-evidence,not-run
rpg,php,ir-mediated-planned,assess-then-convert,repository+business-rule+behavior+record+transaction+4gl,executed-evidence,not-run
rpg,typescript,ir-mediated-planned,assess-then-convert,repository+business-rule+behavior+record+transaction+4gl,executed-evidence,not-run
rpg,react,ir-mediated-planned,assess-then-convert,repository+business-rule+behavior+record+transaction+4gl,executed-evidence,not-run
rpg,objc,ir-mediated-planned,assess-then-convert,repository+business-rule+behavior+record+transaction+4gl,executed-evidence,not-run
rpg,swift,ir-mediated-planned,assess-then-convert,repository+business-rule+behavior+record+transaction+4gl,executed-evidence,not-run
rpg,flutter,ir-mediated-planned,assess-then-convert,repository+business-rule+behavior+record+transaction+4gl,executed-evidence,not-run
rpg,javascript,ir-mediated-planned,assess-then-convert,repository+business-rule+behavior+record+transaction+4gl,executed-evidence,not-run
rpg,c,ir-mediated-planned,assess-then-convert,repository+business-rule+behavior+native-abi+safety+record+transaction+4gl,executed-evidence,not-run
rpg,cobol,ir-mediated-planned,assess-then-convert,repository+business-rule+behavior+record+transaction+4gl,executed-evidence,not-run
rpg,rpg,in-place-modernization,modernize,repository+business-rule+behavior+record+transaction+4gl,executed-evidence,not-run
rpg,pli,ir-mediated-planned,assess-then-convert,repository+business-rule+behavior+record+transaction+4gl,executed-evidence,not-run
rpg,vb6,ir-mediated-planned,assess-then-convert,repository+business-rule+behavior+record+transaction+4gl,executed-evidence,not-run
rpg,vbscript,ir-mediated-planned,assess-then-convert,repository+business-rule+behavior+record+transaction+4gl,executed-evidence,not-run
rpg,object-pascal,ir-mediated-planned,assess-then-convert,repository+business-rule+behavior+record+transaction+4gl,executed-evidence,not-run
rpg,powerscript,ir-mediated-planned,assess-then-convert,repository+business-rule+behavior+record+transaction+4gl,executed-evidence,not-run
rpg,abap,ir-mediated-planned,assess-then-convert,repository+business-rule+behavior+record+transaction+4gl,executed-evidence,not-run
rpg,natural,ir-mediated-planned,assess-then-convert,repository+business-rule+behavior+record+transaction+4gl,executed-evidence,not-run
rpg,abl,ir-mediated-planned,assess-then-convert,repository+business-rule+behavior+record+transaction+4gl,executed-evidence,not-run
rpg,fortran,ir-mediated-planned,assess-then-convert,repository+business-rule+behavior+numerical+record+transaction+4gl,executed-evidence,not-run
rpg,ada-spark,ir-mediated-planned,assess-then-convert,repository+business-rule+behavior+native-abi+safety+record+transaction+4gl,executed-evidence,not-run
rpg,xbase,ir-mediated-planned,assess-then-convert,repository+business-rule+behavior+record+transaction+4gl,executed-evidence,not-run
pli,java,reference-golden-route,convert,repository+business-rule+behavior+record+transaction+4gl,executed-evidence,not-run
pli,kotlin,ir-mediated-planned,assess-then-convert,repository+business-rule+behavior+record+transaction+4gl,executed-evidence,not-run
pli,python,ir-mediated-planned,assess-then-convert,repository+business-rule+behavior+record+transaction+4gl,executed-evidence,not-run
pli,csharp,reference-golden-route,convert,repository+business-rule+behavior+record+transaction+4gl,executed-evidence,not-run
pli,go,ir-mediated-planned,assess-then-convert,repository+business-rule+behavior+record+transaction+4gl,executed-evidence,not-run
pli,rust,ir-mediated-planned,assess-then-convert,repository+business-rule+behavior+native-abi+safety+record+transaction+4gl,executed-evidence,not-run
pli,cpp,ir-mediated-planned,assess-then-convert,repository+business-rule+behavior+native-abi+safety+record+transaction+4gl,executed-evidence,not-run
pli,php,ir-mediated-planned,assess-then-convert,repository+business-rule+behavior+record+transaction+4gl,executed-evidence,not-run
pli,typescript,ir-mediated-planned,assess-then-convert,repository+business-rule+behavior+record+transaction+4gl,executed-evidence,not-run
pli,react,ir-mediated-planned,assess-then-convert,repository+business-rule+behavior+record+transaction+4gl,executed-evidence,not-run
pli,objc,ir-mediated-planned,assess-then-convert,repository+business-rule+behavior+record+transaction+4gl,executed-evidence,not-run
pli,swift,ir-mediated-planned,assess-then-convert,repository+business-rule+behavior+record+transaction+4gl,executed-evidence,not-run
pli,flutter,ir-mediated-planned,assess-then-convert,repository+business-rule+behavior+record+transaction+4gl,executed-evidence,not-run
pli,javascript,ir-mediated-planned,assess-then-convert,repository+business-rule+behavior+record+transaction+4gl,executed-evidence,not-run
pli,c,ir-mediated-planned,assess-then-convert,repository+business-rule+behavior+native-abi+safety+record+transaction+4gl,executed-evidence,not-run
pli,cobol,ir-mediated-planned,assess-then-convert,repository+business-rule+behavior+record+transaction+4gl,executed-evidence,not-run
pli,rpg,ir-mediated-planned,assess-then-convert,repository+business-rule+behavior+record+transaction+4gl,executed-evidence,not-run
pli,pli,in-place-modernization,modernize,repository+business-rule+behavior+record+transaction+4gl,executed-evidence,not-run
pli,vb6,ir-mediated-planned,assess-then-convert,repository+business-rule+behavior+record+transaction+4gl,executed-evidence,not-run
pli,vbscript,ir-mediated-planned,assess-then-convert,repository+business-rule+behavior+record+transaction+4gl,executed-evidence,not-run
pli,object-pascal,ir-mediated-planned,assess-then-convert,repository+business-rule+behavior+record+transaction+4gl,executed-evidence,not-run
pli,powerscript,ir-mediated-planned,assess-then-convert,repository+business-rule+behavior+record+transaction+4gl,executed-evidence,not-run
pli,abap,ir-mediated-planned,assess-then-convert,repository+business-rule+behavior+record+transaction+4gl,executed-evidence,not-run
pli,natural,ir-mediated-planned,assess-then-convert,repository+business-rule+behavior+record+transaction+4gl,executed-evidence,not-run
pli,abl,ir-mediated-planned,assess-then-convert,repository+business-rule+behavior+record+transaction+4gl,executed-evidence,not-run
pli,fortran,ir-mediated-planned,assess-then-convert,repository+business-rule+behavior+numerical+record+transaction+4gl,executed-evidence,not-run
pli,ada-spark,ir-mediated-planned,assess-then-convert,repository+business-rule+behavior+native-abi+safety+record+transaction+4gl,executed-evidence,not-run
pli,xbase,ir-mediated-planned,assess-then-convert,repository+business-rule+behavior+record+transaction+4gl,executed-evidence,not-run
vb6,java,ir-mediated-planned,assess-then-convert,repository+business-rule+behavior,executed-evidence,not-run
vb6,kotlin,ir-mediated-planned,assess-then-convert,repository+business-rule+behavior,executed-evidence,not-run
vb6,python,ir-mediated-planned,assess-then-convert,repository+business-rule+behavior,executed-evidence,not-run
vb6,csharp,reference-golden-route,convert,repository+business-rule+behavior,executed-evidence,not-run
vb6,go,ir-mediated-planned,assess-then-convert,repository+business-rule+behavior,executed-evidence,not-run
vb6,rust,ir-mediated-planned,assess-then-convert,repository+business-rule+behavior+native-abi+safety,executed-evidence,not-run
vb6,cpp,ir-mediated-planned,assess-then-convert,repository+business-rule+behavior+native-abi+safety,executed-evidence,not-run
vb6,php,ir-mediated-planned,assess-then-convert,repository+business-rule+behavior,executed-evidence,not-run
vb6,typescript,ir-mediated-planned,assess-then-convert,repository+business-rule+behavior,executed-evidence,not-run
vb6,react,ir-mediated-planned,assess-then-convert,repository+business-rule+behavior,executed-evidence,not-run
vb6,objc,ir-mediated-planned,assess-then-convert,repository+business-rule+behavior,executed-evidence,not-run
vb6,swift,ir-mediated-planned,assess-then-convert,repository+business-rule+behavior,executed-evidence,not-run
vb6,flutter,ir-mediated-planned,assess-then-convert,repository+business-rule+behavior,executed-evidence,not-run
vb6,javascript,ir-mediated-planned,assess-then-convert,repository+business-rule+behavior,executed-evidence,not-run
vb6,c,ir-mediated-planned,assess-then-convert,repository+business-rule+behavior+native-abi+safety,executed-evidence,not-run
vb6,cobol,ir-mediated-planned,assess-then-convert,repository+business-rule+behavior+record+transaction+4gl,executed-evidence,not-run
vb6,rpg,ir-mediated-planned,assess-then-convert,repository+business-rule+behavior+record+transaction+4gl,executed-evidence,not-run
vb6,pli,ir-mediated-planned,assess-then-convert,repository+business-rule+behavior+record+transaction+4gl,executed-evidence,not-run
vb6,vb6,in-place-modernization,modernize,repository+business-rule+behavior,executed-evidence,not-run
vb6,vbscript,ir-mediated-planned,assess-then-convert,repository+business-rule+behavior,executed-evidence,not-run
vb6,object-pascal,ir-mediated-planned,assess-then-convert,repository+business-rule+behavior,executed-evidence,not-run
vb6,powerscript,ir-mediated-planned,assess-then-convert,repository+business-rule+behavior+record+transaction+4gl,executed-evidence,not-run
vb6,abap,ir-mediated-planned,assess-then-convert,repository+business-rule+behavior+record+transaction+4gl,executed-evidence,not-run
vb6,natural,ir-mediated-planned,assess-then-convert,repository+business-rule+behavior+record+transaction+4gl,executed-evidence,not-run
vb6,abl,ir-mediated-planned,assess-then-convert,repository+business-rule+behavior+record+transaction+4gl,executed-evidence,not-run
vb6,fortran,ir-mediated-planned,assess-then-convert,repository+business-rule+behavior+numerical,executed-evidence,not-run
vb6,ada-spark,ir-mediated-planned,assess-then-convert,repository+business-rule+behavior+native-abi+safety,executed-evidence,not-run
vb6,xbase,ir-mediated-planned,assess-then-convert,repository+business-rule+behavior+record+transaction+4gl,executed-evidence,not-run
vbscript,java,ir-mediated-planned,assess-then-convert,repository+business-rule+behavior,executed-evidence,not-run
vbscript,kotlin,ir-mediated-planned,assess-then-convert,repository+business-rule+behavior,executed-evidence,not-run
vbscript,python,ir-mediated-planned,assess-then-convert,repository+business-rule+behavior,executed-evidence,not-run
vbscript,csharp,reference-golden-route,convert,repository+business-rule+behavior,executed-evidence,not-run
vbscript,go,ir-mediated-planned,assess-then-convert,repository+business-rule+behavior,executed-evidence,not-run
vbscript,rust,ir-mediated-planned,assess-then-convert,repository+business-rule+behavior+native-abi+safety,executed-evidence,not-run
vbscript,cpp,ir-mediated-planned,assess-then-convert,repository+business-rule+behavior+native-abi+safety,executed-evidence,not-run
vbscript,php,ir-mediated-planned,assess-then-convert,repository+business-rule+behavior,executed-evidence,not-run
vbscript,typescript,ir-mediated-planned,assess-then-convert,repository+business-rule+behavior,executed-evidence,not-run
vbscript,react,ir-mediated-planned,assess-then-convert,repository+business-rule+behavior,executed-evidence,not-run
vbscript,objc,ir-mediated-planned,assess-then-convert,repository+business-rule+behavior,executed-evidence,not-run
vbscript,swift,ir-mediated-planned,assess-then-convert,repository+business-rule+behavior,executed-evidence,not-run
vbscript,flutter,ir-mediated-planned,assess-then-convert,repository+business-rule+behavior,executed-evidence,not-run
vbscript,javascript,ir-mediated-planned,assess-then-convert,repository+business-rule+behavior,executed-evidence,not-run
vbscript,c,ir-mediated-planned,assess-then-convert,repository+business-rule+behavior+native-abi+safety,executed-evidence,not-run
vbscript,cobol,ir-mediated-planned,assess-then-convert,repository+business-rule+behavior+record+transaction+4gl,executed-evidence,not-run
vbscript,rpg,ir-mediated-planned,assess-then-convert,repository+business-rule+behavior+record+transaction+4gl,executed-evidence,not-run
vbscript,pli,ir-mediated-planned,assess-then-convert,repository+business-rule+behavior+record+transaction+4gl,executed-evidence,not-run
vbscript,vb6,ir-mediated-planned,assess-then-convert,repository+business-rule+behavior,executed-evidence,not-run
vbscript,vbscript,in-place-modernization,modernize,repository+business-rule+behavior,executed-evidence,not-run
vbscript,object-pascal,ir-mediated-planned,assess-then-convert,repository+business-rule+behavior,executed-evidence,not-run
vbscript,powerscript,ir-mediated-planned,assess-then-convert,repository+business-rule+behavior+record+transaction+4gl,executed-evidence,not-run
vbscript,abap,ir-mediated-planned,assess-then-convert,repository+business-rule+behavior+record+transaction+4gl,executed-evidence,not-run
vbscript,natural,ir-mediated-planned,assess-then-convert,repository+business-rule+behavior+record+transaction+4gl,executed-evidence,not-run
vbscript,abl,ir-mediated-planned,assess-then-convert,repository+business-rule+behavior+record+transaction+4gl,executed-evidence,not-run
vbscript,fortran,ir-mediated-planned,assess-then-convert,repository+business-rule+behavior+numerical,executed-evidence,not-run
vbscript,ada-spark,ir-mediated-planned,assess-then-convert,repository+business-rule+behavior+native-abi+safety,executed-evidence,not-run
vbscript,xbase,ir-mediated-planned,assess-then-convert,repository+business-rule+behavior+record+transaction+4gl,executed-evidence,not-run
object-pascal,java,ir-mediated-planned,assess-then-convert,repository+business-rule+behavior,executed-evidence,not-run
object-pascal,kotlin,ir-mediated-planned,assess-then-convert,repository+business-rule+behavior,executed-evidence,not-run
object-pascal,python,ir-mediated-planned,assess-then-convert,repository+business-rule+behavior,executed-evidence,not-run
object-pascal,csharp,reference-golden-route,convert,repository+business-rule+behavior,executed-evidence,not-run
object-pascal,go,ir-mediated-planned,assess-then-convert,repository+business-rule+behavior,executed-evidence,not-run
object-pascal,rust,ir-mediated-planned,assess-then-convert,repository+business-rule+behavior+native-abi+safety,executed-evidence,not-run
object-pascal,cpp,ir-mediated-planned,assess-then-convert,repository+business-rule+behavior+native-abi+safety,executed-evidence,not-run
object-pascal,php,ir-mediated-planned,assess-then-convert,repository+business-rule+behavior,executed-evidence,not-run
object-pascal,typescript,ir-mediated-planned,assess-then-convert,repository+business-rule+behavior,executed-evidence,not-run
object-pascal,react,ir-mediated-planned,assess-then-convert,repository+business-rule+behavior,executed-evidence,not-run
object-pascal,objc,ir-mediated-planned,assess-then-convert,repository+business-rule+behavior,executed-evidence,not-run
object-pascal,swift,ir-mediated-planned,assess-then-convert,repository+business-rule+behavior,executed-evidence,not-run
object-pascal,flutter,ir-mediated-planned,assess-then-convert,repository+business-rule+behavior,executed-evidence,not-run
object-pascal,javascript,ir-mediated-planned,assess-then-convert,repository+business-rule+behavior,executed-evidence,not-run
object-pascal,c,ir-mediated-planned,assess-then-convert,repository+business-rule+behavior+native-abi+safety,executed-evidence,not-run
object-pascal,cobol,ir-mediated-planned,assess-then-convert,repository+business-rule+behavior+record+transaction+4gl,executed-evidence,not-run
object-pascal,rpg,ir-mediated-planned,assess-then-convert,repository+business-rule+behavior+record+transaction+4gl,executed-evidence,not-run
object-pascal,pli,ir-mediated-planned,assess-then-convert,repository+business-rule+behavior+record+transaction+4gl,executed-evidence,not-run
object-pascal,vb6,ir-mediated-planned,assess-then-convert,repository+business-rule+behavior,executed-evidence,not-run
object-pascal,vbscript,ir-mediated-planned,assess-then-convert,repository+business-rule+behavior,executed-evidence,not-run
object-pascal,object-pascal,in-place-modernization,modernize,repository+business-rule+behavior,executed-evidence,not-run
object-pascal,powerscript,ir-mediated-planned,assess-then-convert,repository+business-rule+behavior+record+transaction+4gl,executed-evidence,not-run
object-pascal,abap,ir-mediated-planned,assess-then-convert,repository+business-rule+behavior+record+transaction+4gl,executed-evidence,not-run
object-pascal,natural,ir-mediated-planned,assess-then-convert,repository+business-rule+behavior+record+transaction+4gl,executed-evidence,not-run
object-pascal,abl,ir-mediated-planned,assess-then-convert,repository+business-rule+behavior+record+transaction+4gl,executed-evidence,not-run
object-pascal,fortran,ir-mediated-planned,assess-then-convert,repository+business-rule+behavior+numerical,executed-evidence,not-run
object-pascal,ada-spark,ir-mediated-planned,assess-then-convert,repository+business-rule+behavior+native-abi+safety,executed-evidence,not-run
object-pascal,xbase,ir-mediated-planned,assess-then-convert,repository+business-rule+behavior+record+transaction+4gl,executed-evidence,not-run
powerscript,java,ir-mediated-planned,assess-then-convert,repository+business-rule+behavior+record+transaction+4gl,executed-evidence,not-run
powerscript,kotlin,ir-mediated-planned,assess-then-convert,repository+business-rule+behavior+record+transaction+4gl,executed-evidence,not-run
powerscript,python,ir-mediated-planned,assess-then-convert,repository+business-rule+behavior+record+transaction+4gl,executed-evidence,not-run
powerscript,csharp,reference-golden-route,convert,repository+business-rule+behavior+record+transaction+4gl,executed-evidence,not-run
powerscript,go,ir-mediated-planned,assess-then-convert,repository+business-rule+behavior+record+transaction+4gl,executed-evidence,not-run
powerscript,rust,ir-mediated-planned,assess-then-convert,repository+business-rule+behavior+native-abi+safety+record+transaction+4gl,executed-evidence,not-run
powerscript,cpp,ir-mediated-planned,assess-then-convert,repository+business-rule+behavior+native-abi+safety+record+transaction+4gl,executed-evidence,not-run
powerscript,php,ir-mediated-planned,assess-then-convert,repository+business-rule+behavior+record+transaction+4gl,executed-evidence,not-run
powerscript,typescript,ir-mediated-planned,assess-then-convert,repository+business-rule+behavior+record+transaction+4gl,executed-evidence,not-run
powerscript,react,ir-mediated-planned,assess-then-convert,repository+business-rule+behavior+record+transaction+4gl,executed-evidence,not-run
powerscript,objc,ir-mediated-planned,assess-then-convert,repository+business-rule+behavior+record+transaction+4gl,executed-evidence,not-run
powerscript,swift,ir-mediated-planned,assess-then-convert,repository+business-rule+behavior+record+transaction+4gl,executed-evidence,not-run
powerscript,flutter,ir-mediated-planned,assess-then-convert,repository+business-rule+behavior+record+transaction+4gl,executed-evidence,not-run
powerscript,javascript,ir-mediated-planned,assess-then-convert,repository+business-rule+behavior+record+transaction+4gl,executed-evidence,not-run
powerscript,c,ir-mediated-planned,assess-then-convert,repository+business-rule+behavior+native-abi+safety+record+transaction+4gl,executed-evidence,not-run
powerscript,cobol,ir-mediated-planned,assess-then-convert,repository+business-rule+behavior+record+transaction+4gl,executed-evidence,not-run
powerscript,rpg,ir-mediated-planned,assess-then-convert,repository+business-rule+behavior+record+transaction+4gl,executed-evidence,not-run
powerscript,pli,ir-mediated-planned,assess-then-convert,repository+business-rule+behavior+record+transaction+4gl,executed-evidence,not-run
powerscript,vb6,ir-mediated-planned,assess-then-convert,repository+business-rule+behavior+record+transaction+4gl,executed-evidence,not-run
powerscript,vbscript,ir-mediated-planned,assess-then-convert,repository+business-rule+behavior+record+transaction+4gl,executed-evidence,not-run
powerscript,object-pascal,ir-mediated-planned,assess-then-convert,repository+business-rule+behavior+record+transaction+4gl,executed-evidence,not-run
powerscript,powerscript,in-place-modernization,modernize,repository+business-rule+behavior+record+transaction+4gl,executed-evidence,not-run
powerscript,abap,ir-mediated-planned,assess-then-convert,repository+business-rule+behavior+record+transaction+4gl,executed-evidence,not-run
powerscript,natural,ir-mediated-planned,assess-then-convert,repository+business-rule+behavior+record+transaction+4gl,executed-evidence,not-run
powerscript,abl,ir-mediated-planned,assess-then-convert,repository+business-rule+behavior+record+transaction+4gl,executed-evidence,not-run
powerscript,fortran,ir-mediated-planned,assess-then-convert,repository+business-rule+behavior+numerical+record+transaction+4gl,executed-evidence,not-run
powerscript,ada-spark,ir-mediated-planned,assess-then-convert,repository+business-rule+behavior+native-abi+safety+record+transaction+4gl,executed-evidence,not-run
powerscript,xbase,ir-mediated-planned,assess-then-convert,repository+business-rule+behavior+record+transaction+4gl,executed-evidence,not-run
abap,java,reference-golden-route,convert,repository+business-rule+behavior+record+transaction+4gl,executed-evidence,not-run
abap,kotlin,ir-mediated-planned,assess-then-convert,repository+business-rule+behavior+record+transaction+4gl,executed-evidence,not-run
abap,python,ir-mediated-planned,assess-then-convert,repository+business-rule+behavior+record+transaction+4gl,executed-evidence,not-run
abap,csharp,ir-mediated-planned,assess-then-convert,repository+business-rule+behavior+record+transaction+4gl,executed-evidence,not-run
abap,go,ir-mediated-planned,assess-then-convert,repository+business-rule+behavior+record+transaction+4gl,executed-evidence,not-run
abap,rust,ir-mediated-planned,assess-then-convert,repository+business-rule+behavior+native-abi+safety+record+transaction+4gl,executed-evidence,not-run
abap,cpp,ir-mediated-planned,assess-then-convert,repository+business-rule+behavior+native-abi+safety+record+transaction+4gl,executed-evidence,not-run
abap,php,ir-mediated-planned,assess-then-convert,repository+business-rule+behavior+record+transaction+4gl,executed-evidence,not-run
abap,typescript,ir-mediated-planned,assess-then-convert,repository+business-rule+behavior+record+transaction+4gl,executed-evidence,not-run
abap,react,ir-mediated-planned,assess-then-convert,repository+business-rule+behavior+record+transaction+4gl,executed-evidence,not-run
abap,objc,ir-mediated-planned,assess-then-convert,repository+business-rule+behavior+record+transaction+4gl,executed-evidence,not-run
abap,swift,ir-mediated-planned,assess-then-convert,repository+business-rule+behavior+record+transaction+4gl,executed-evidence,not-run
abap,flutter,ir-mediated-planned,assess-then-convert,repository+business-rule+behavior+record+transaction+4gl,executed-evidence,not-run
abap,javascript,ir-mediated-planned,assess-then-convert,repository+business-rule+behavior+record+transaction+4gl,executed-evidence,not-run
abap,c,ir-mediated-planned,assess-then-convert,repository+business-rule+behavior+native-abi+safety+record+transaction+4gl,executed-evidence,not-run
abap,cobol,ir-mediated-planned,assess-then-convert,repository+business-rule+behavior+record+transaction+4gl,executed-evidence,not-run
abap,rpg,ir-mediated-planned,assess-then-convert,repository+business-rule+behavior+record+transaction+4gl,executed-evidence,not-run
abap,pli,ir-mediated-planned,assess-then-convert,repository+business-rule+behavior+record+transaction+4gl,executed-evidence,not-run
abap,vb6,ir-mediated-planned,assess-then-convert,repository+business-rule+behavior+record+transaction+4gl,executed-evidence,not-run
abap,vbscript,ir-mediated-planned,assess-then-convert,repository+business-rule+behavior+record+transaction+4gl,executed-evidence,not-run
abap,object-pascal,ir-mediated-planned,assess-then-convert,repository+business-rule+behavior+record+transaction+4gl,executed-evidence,not-run
abap,powerscript,ir-mediated-planned,assess-then-convert,repository+business-rule+behavior+record+transaction+4gl,executed-evidence,not-run
abap,abap,in-place-modernization,modernize,repository+business-rule+behavior+record+transaction+4gl,executed-evidence,not-run
abap,natural,ir-mediated-planned,assess-then-convert,repository+business-rule+behavior+record+transaction+4gl,executed-evidence,not-run
abap,abl,ir-mediated-planned,assess-then-convert,repository+business-rule+behavior+record+transaction+4gl,executed-evidence,not-run
abap,fortran,ir-mediated-planned,assess-then-convert,repository+business-rule+behavior+numerical+record+transaction+4gl,executed-evidence,not-run
abap,ada-spark,ir-mediated-planned,assess-then-convert,repository+business-rule+behavior+native-abi+safety+record+transaction+4gl,executed-evidence,not-run
abap,xbase,ir-mediated-planned,assess-then-convert,repository+business-rule+behavior+record+transaction+4gl,executed-evidence,not-run
natural,java,reference-golden-route,convert,repository+business-rule+behavior+record+transaction+4gl,executed-evidence,not-run
natural,kotlin,ir-mediated-planned,assess-then-convert,repository+business-rule+behavior+record+transaction+4gl,executed-evidence,not-run
natural,python,ir-mediated-planned,assess-then-convert,repository+business-rule+behavior+record+transaction+4gl,executed-evidence,not-run
natural,csharp,ir-mediated-planned,assess-then-convert,repository+business-rule+behavior+record+transaction+4gl,executed-evidence,not-run
natural,go,ir-mediated-planned,assess-then-convert,repository+business-rule+behavior+record+transaction+4gl,executed-evidence,not-run
natural,rust,ir-mediated-planned,assess-then-convert,repository+business-rule+behavior+native-abi+safety+record+transaction+4gl,executed-evidence,not-run
natural,cpp,ir-mediated-planned,assess-then-convert,repository+business-rule+behavior+native-abi+safety+record+transaction+4gl,executed-evidence,not-run
natural,php,ir-mediated-planned,assess-then-convert,repository+business-rule+behavior+record+transaction+4gl,executed-evidence,not-run
natural,typescript,ir-mediated-planned,assess-then-convert,repository+business-rule+behavior+record+transaction+4gl,executed-evidence,not-run
natural,react,ir-mediated-planned,assess-then-convert,repository+business-rule+behavior+record+transaction+4gl,executed-evidence,not-run
natural,objc,ir-mediated-planned,assess-then-convert,repository+business-rule+behavior+record+transaction+4gl,executed-evidence,not-run
natural,swift,ir-mediated-planned,assess-then-convert,repository+business-rule+behavior+record+transaction+4gl,executed-evidence,not-run
natural,flutter,ir-mediated-planned,assess-then-convert,repository+business-rule+behavior+record+transaction+4gl,executed-evidence,not-run
natural,javascript,ir-mediated-planned,assess-then-convert,repository+business-rule+behavior+record+transaction+4gl,executed-evidence,not-run
natural,c,ir-mediated-planned,assess-then-convert,repository+business-rule+behavior+native-abi+safety+record+transaction+4gl,executed-evidence,not-run
natural,cobol,ir-mediated-planned,assess-then-convert,repository+business-rule+behavior+record+transaction+4gl,executed-evidence,not-run
natural,rpg,ir-mediated-planned,assess-then-convert,repository+business-rule+behavior+record+transaction+4gl,executed-evidence,not-run
natural,pli,ir-mediated-planned,assess-then-convert,repository+business-rule+behavior+record+transaction+4gl,executed-evidence,not-run
natural,vb6,ir-mediated-planned,assess-then-convert,repository+business-rule+behavior+record+transaction+4gl,executed-evidence,not-run
natural,vbscript,ir-mediated-planned,assess-then-convert,repository+business-rule+behavior+record+transaction+4gl,executed-evidence,not-run
natural,object-pascal,ir-mediated-planned,assess-then-convert,repository+business-rule+behavior+record+transaction+4gl,executed-evidence,not-run
natural,powerscript,ir-mediated-planned,assess-then-convert,repository+business-rule+behavior+record+transaction+4gl,executed-evidence,not-run
natural,abap,ir-mediated-planned,assess-then-convert,repository+business-rule+behavior+record+transaction+4gl,executed-evidence,not-run
natural,natural,in-place-modernization,modernize,repository+business-rule+behavior+record+transaction+4gl,executed-evidence,not-run
natural,abl,ir-mediated-planned,assess-then-convert,repository+business-rule+behavior+record+transaction+4gl,executed-evidence,not-run
natural,fortran,ir-mediated-planned,assess-then-convert,repository+business-rule+behavior+numerical+record+transaction+4gl,executed-evidence,not-run
natural,ada-spark,ir-mediated-planned,assess-then-convert,repository+business-rule+behavior+native-abi+safety+record+transaction+4gl,executed-evidence,not-run
natural,xbase,ir-mediated-planned,assess-then-convert,repository+business-rule+behavior+record+transaction+4gl,executed-evidence,not-run
abl,java,reference-golden-route,convert,repository+business-rule+behavior+record+transaction+4gl,executed-evidence,not-run
abl,kotlin,ir-mediated-planned,assess-then-convert,repository+business-rule+behavior+record+transaction+4gl,executed-evidence,not-run
abl,python,ir-mediated-planned,assess-then-convert,repository+business-rule+behavior+record+transaction+4gl,executed-evidence,not-run
abl,csharp,ir-mediated-planned,assess-then-convert,repository+business-rule+behavior+record+transaction+4gl,executed-evidence,not-run
abl,go,ir-mediated-planned,assess-then-convert,repository+business-rule+behavior+record+transaction+4gl,executed-evidence,not-run
abl,rust,ir-mediated-planned,assess-then-convert,repository+business-rule+behavior+native-abi+safety+record+transaction+4gl,executed-evidence,not-run
abl,cpp,ir-mediated-planned,assess-then-convert,repository+business-rule+behavior+native-abi+safety+record+transaction+4gl,executed-evidence,not-run
abl,php,ir-mediated-planned,assess-then-convert,repository+business-rule+behavior+record+transaction+4gl,executed-evidence,not-run
abl,typescript,ir-mediated-planned,assess-then-convert,repository+business-rule+behavior+record+transaction+4gl,executed-evidence,not-run
abl,react,ir-mediated-planned,assess-then-convert,repository+business-rule+behavior+record+transaction+4gl,executed-evidence,not-run
abl,objc,ir-mediated-planned,assess-then-convert,repository+business-rule+behavior+record+transaction+4gl,executed-evidence,not-run
abl,swift,ir-mediated-planned,assess-then-convert,repository+business-rule+behavior+record+transaction+4gl,executed-evidence,not-run
abl,flutter,ir-mediated-planned,assess-then-convert,repository+business-rule+behavior+record+transaction+4gl,executed-evidence,not-run
abl,javascript,ir-mediated-planned,assess-then-convert,repository+business-rule+behavior+record+transaction+4gl,executed-evidence,not-run
abl,c,ir-mediated-planned,assess-then-convert,repository+business-rule+behavior+native-abi+safety+record+transaction+4gl,executed-evidence,not-run
abl,cobol,ir-mediated-planned,assess-then-convert,repository+business-rule+behavior+record+transaction+4gl,executed-evidence,not-run
abl,rpg,ir-mediated-planned,assess-then-convert,repository+business-rule+behavior+record+transaction+4gl,executed-evidence,not-run
abl,pli,ir-mediated-planned,assess-then-convert,repository+business-rule+behavior+record+transaction+4gl,executed-evidence,not-run
abl,vb6,ir-mediated-planned,assess-then-convert,repository+business-rule+behavior+record+transaction+4gl,executed-evidence,not-run
abl,vbscript,ir-mediated-planned,assess-then-convert,repository+business-rule+behavior+record+transaction+4gl,executed-evidence,not-run
abl,object-pascal,ir-mediated-planned,assess-then-convert,repository+business-rule+behavior+record+transaction+4gl,executed-evidence,not-run
abl,powerscript,ir-mediated-planned,assess-then-convert,repository+business-rule+behavior+record+transaction+4gl,executed-evidence,not-run
abl,abap,ir-mediated-planned,assess-then-convert,repository+business-rule+behavior+record+transaction+4gl,executed-evidence,not-run
abl,natural,ir-mediated-planned,assess-then-convert,repository+business-rule+behavior+record+transaction+4gl,executed-evidence,not-run
abl,abl,in-place-modernization,modernize,repository+business-rule+behavior+record+transaction+4gl,executed-evidence,not-run
abl,fortran,ir-mediated-planned,assess-then-convert,repository+business-rule+behavior+numerical+record+transaction+4gl,executed-evidence,not-run
abl,ada-spark,ir-mediated-planned,assess-then-convert,repository+business-rule+behavior+native-abi+safety+record+transaction+4gl,executed-evidence,not-run
abl,xbase,ir-mediated-planned,assess-then-convert,repository+business-rule+behavior+record+transaction+4gl,executed-evidence,not-run
fortran,java,ir-mediated-planned,assess-then-convert,repository+business-rule+behavior+numerical,executed-evidence,not-run
fortran,kotlin,ir-mediated-planned,assess-then-convert,repository+business-rule+behavior+numerical,executed-evidence,not-run
fortran,python,reference-golden-route,convert,repository+business-rule+behavior+numerical,executed-evidence,not-run
fortran,csharp,ir-mediated-planned,assess-then-convert,repository+business-rule+behavior+numerical,executed-evidence,not-run
fortran,go,ir-mediated-planned,assess-then-convert,repository+business-rule+behavior+numerical,executed-evidence,not-run
fortran,rust,ir-mediated-planned,assess-then-convert,repository+business-rule+behavior+native-abi+safety+numerical,executed-evidence,not-run
fortran,cpp,reference-golden-route,convert,repository+business-rule+behavior+native-abi+safety+numerical,executed-evidence,not-run
fortran,php,ir-mediated-planned,assess-then-convert,repository+business-rule+behavior+numerical,executed-evidence,not-run
fortran,typescript,ir-mediated-planned,assess-then-convert,repository+business-rule+behavior+numerical,executed-evidence,not-run
fortran,react,ir-mediated-planned,assess-then-convert,repository+business-rule+behavior+numerical,executed-evidence,not-run
fortran,objc,ir-mediated-planned,assess-then-convert,repository+business-rule+behavior+numerical,executed-evidence,not-run
fortran,swift,ir-mediated-planned,assess-then-convert,repository+business-rule+behavior+numerical,executed-evidence,not-run
fortran,flutter,ir-mediated-planned,assess-then-convert,repository+business-rule+behavior+numerical,executed-evidence,not-run
fortran,javascript,ir-mediated-planned,assess-then-convert,repository+business-rule+behavior+numerical,executed-evidence,not-run
fortran,c,ir-mediated-planned,assess-then-convert,repository+business-rule+behavior+native-abi+safety+numerical,executed-evidence,not-run
fortran,cobol,ir-mediated-planned,assess-then-convert,repository+business-rule+behavior+numerical+record+transaction+4gl,executed-evidence,not-run
fortran,rpg,ir-mediated-planned,assess-then-convert,repository+business-rule+behavior+numerical+record+transaction+4gl,executed-evidence,not-run
fortran,pli,ir-mediated-planned,assess-then-convert,repository+business-rule+behavior+numerical+record+transaction+4gl,executed-evidence,not-run
fortran,vb6,ir-mediated-planned,assess-then-convert,repository+business-rule+behavior+numerical,executed-evidence,not-run
fortran,vbscript,ir-mediated-planned,assess-then-convert,repository+business-rule+behavior+numerical,executed-evidence,not-run
fortran,object-pascal,ir-mediated-planned,assess-then-convert,repository+business-rule+behavior+numerical,executed-evidence,not-run
fortran,powerscript,ir-mediated-planned,assess-then-convert,repository+business-rule+behavior+numerical+record+transaction+4gl,executed-evidence,not-run
fortran,abap,ir-mediated-planned,assess-then-convert,repository+business-rule+behavior+numerical+record+transaction+4gl,executed-evidence,not-run
fortran,natural,ir-mediated-planned,assess-then-convert,repository+business-rule+behavior+numerical+record+transaction+4gl,executed-evidence,not-run
fortran,abl,ir-mediated-planned,assess-then-convert,repository+business-rule+behavior+numerical+record+transaction+4gl,executed-evidence,not-run
fortran,fortran,in-place-modernization,modernize,repository+business-rule+behavior+numerical,executed-evidence,not-run
fortran,ada-spark,ir-mediated-planned,assess-then-convert,repository+business-rule+behavior+native-abi+safety+numerical,executed-evidence,not-run
fortran,xbase,ir-mediated-planned,assess-then-convert,repository+business-rule+behavior+numerical+record+transaction+4gl,executed-evidence,not-run
ada-spark,java,ir-mediated-planned,assess-then-convert,repository+business-rule+behavior+native-abi+safety,executed-evidence,not-run
ada-spark,kotlin,ir-mediated-planned,assess-then-convert,repository+business-rule+behavior+native-abi+safety,executed-evidence,not-run
ada-spark,python,ir-mediated-planned,assess-then-convert,repository+business-rule+behavior+native-abi+safety,executed-evidence,not-run
ada-spark,csharp,ir-mediated-planned,assess-then-convert,repository+business-rule+behavior+native-abi+safety,executed-evidence,not-run
ada-spark,go,ir-mediated-planned,assess-then-convert,repository+business-rule+behavior+native-abi+safety,executed-evidence,not-run
ada-spark,rust,reference-golden-route,convert,repository+business-rule+behavior+native-abi+safety,executed-evidence,not-run
ada-spark,cpp,ir-mediated-planned,assess-then-convert,repository+business-rule+behavior+native-abi+safety,executed-evidence,not-run
ada-spark,php,ir-mediated-planned,assess-then-convert,repository+business-rule+behavior+native-abi+safety,executed-evidence,not-run
ada-spark,typescript,ir-mediated-planned,assess-then-convert,repository+business-rule+behavior+native-abi+safety,executed-evidence,not-run
ada-spark,react,ir-mediated-planned,assess-then-convert,repository+business-rule+behavior+native-abi+safety,executed-evidence,not-run
ada-spark,objc,ir-mediated-planned,assess-then-convert,repository+business-rule+behavior+native-abi+safety,executed-evidence,not-run
ada-spark,swift,ir-mediated-planned,assess-then-convert,repository+business-rule+behavior+native-abi+safety,executed-evidence,not-run
ada-spark,flutter,ir-mediated-planned,assess-then-convert,repository+business-rule+behavior+native-abi+safety,executed-evidence,not-run
ada-spark,javascript,ir-mediated-planned,assess-then-convert,repository+business-rule+behavior+native-abi+safety,executed-evidence,not-run
ada-spark,c,ir-mediated-planned,assess-then-convert,repository+business-rule+behavior+native-abi+safety,executed-evidence,not-run
ada-spark,cobol,ir-mediated-planned,assess-then-convert,repository+business-rule+behavior+native-abi+safety+record+transaction+4gl,executed-evidence,not-run
ada-spark,rpg,ir-mediated-planned,assess-then-convert,repository+business-rule+behavior+native-abi+safety+record+transaction+4gl,executed-evidence,not-run
ada-spark,pli,ir-mediated-planned,assess-then-convert,repository+business-rule+behavior+native-abi+safety+record+transaction+4gl,executed-evidence,not-run
ada-spark,vb6,ir-mediated-planned,assess-then-convert,repository+business-rule+behavior+native-abi+safety,executed-evidence,not-run
ada-spark,vbscript,ir-mediated-planned,assess-then-convert,repository+business-rule+behavior+native-abi+safety,executed-evidence,not-run
ada-spark,object-pascal,ir-mediated-planned,assess-then-convert,repository+business-rule+behavior+native-abi+safety,executed-evidence,not-run
ada-spark,powerscript,ir-mediated-planned,assess-then-convert,repository+business-rule+behavior+native-abi+safety+record+transaction+4gl,executed-evidence,not-run
ada-spark,abap,ir-mediated-planned,assess-then-convert,repository+business-rule+behavior+native-abi+safety+record+transaction+4gl,executed-evidence,not-run
ada-spark,natural,ir-mediated-planned,assess-then-convert,repository+business-rule+behavior+native-abi+safety+record+transaction+4gl,executed-evidence,not-run
ada-spark,abl,ir-mediated-planned,assess-then-convert,repository+business-rule+behavior+native-abi+safety+record+transaction+4gl,executed-evidence,not-run
ada-spark,fortran,ir-mediated-planned,assess-then-convert,repository+business-rule+behavior+native-abi+safety+numerical,executed-evidence,not-run
ada-spark,ada-spark,in-place-modernization,modernize,repository+business-rule+behavior+native-abi+safety,executed-evidence,not-run
ada-spark,xbase,ir-mediated-planned,assess-then-convert,repository+business-rule+behavior+native-abi+safety+record+transaction+4gl,executed-evidence,not-run
xbase,java,ir-mediated-planned,assess-then-convert,repository+business-rule+behavior+record+transaction+4gl,executed-evidence,not-run
xbase,kotlin,ir-mediated-planned,assess-then-convert,repository+business-rule+behavior+record+transaction+4gl,executed-evidence,not-run
xbase,python,ir-mediated-planned,assess-then-convert,repository+business-rule+behavior+record+transaction+4gl,executed-evidence,not-run
xbase,csharp,reference-golden-route,convert,repository+business-rule+behavior+record+transaction+4gl,executed-evidence,not-run
xbase,go,ir-mediated-planned,assess-then-convert,repository+business-rule+behavior+record+transaction+4gl,executed-evidence,not-run
xbase,rust,ir-mediated-planned,assess-then-convert,repository+business-rule+behavior+native-abi+safety+record+transaction+4gl,executed-evidence,not-run
xbase,cpp,ir-mediated-planned,assess-then-convert,repository+business-rule+behavior+native-abi+safety+record+transaction+4gl,executed-evidence,not-run
xbase,php,ir-mediated-planned,assess-then-convert,repository+business-rule+behavior+record+transaction+4gl,executed-evidence,not-run
xbase,typescript,ir-mediated-planned,assess-then-convert,repository+business-rule+behavior+record+transaction+4gl,executed-evidence,not-run
xbase,react,ir-mediated-planned,assess-then-convert,repository+business-rule+behavior+record+transaction+4gl,executed-evidence,not-run
xbase,objc,ir-mediated-planned,assess-then-convert,repository+business-rule+behavior+record+transaction+4gl,executed-evidence,not-run
xbase,swift,ir-mediated-planned,assess-then-convert,repository+business-rule+behavior+record+transaction+4gl,executed-evidence,not-run
xbase,flutter,ir-mediated-planned,assess-then-convert,repository+business-rule+behavior+record+transaction+4gl,executed-evidence,not-run
xbase,javascript,ir-mediated-planned,assess-then-convert,repository+business-rule+behavior+record+transaction+4gl,executed-evidence,not-run
xbase,c,ir-mediated-planned,assess-then-convert,repository+business-rule+behavior+native-abi+safety+record+transaction+4gl,executed-evidence,not-run
xbase,cobol,ir-mediated-planned,assess-then-convert,repository+business-rule+behavior+record+transaction+4gl,executed-evidence,not-run
xbase,rpg,ir-mediated-planned,assess-then-convert,repository+business-rule+behavior+record+transaction+4gl,executed-evidence,not-run
xbase,pli,ir-mediated-planned,assess-then-convert,repository+business-rule+behavior+record+transaction+4gl,executed-evidence,not-run
xbase,vb6,ir-mediated-planned,assess-then-convert,repository+business-rule+behavior+record+transaction+4gl,executed-evidence,not-run
xbase,vbscript,ir-mediated-planned,assess-then-convert,repository+business-rule+behavior+record+transaction+4gl,executed-evidence,not-run
xbase,object-pascal,ir-mediated-planned,assess-then-convert,repository+business-rule+behavior+record+transaction+4gl,executed-evidence,not-run
xbase,powerscript,ir-mediated-planned,assess-then-convert,repository+business-rule+behavior+record+transaction+4gl,executed-evidence,not-run
xbase,abap,ir-mediated-planned,assess-then-convert,repository+business-rule+behavior+record+transaction+4gl,executed-evidence,not-run
xbase,natural,ir-mediated-planned,assess-then-convert,repository+business-rule+behavior+record+transaction+4gl,executed-evidence,not-run
xbase,abl,ir-mediated-planned,assess-then-convert,repository+business-rule+behavior+record+transaction+4gl,executed-evidence,not-run
xbase,fortran,ir-mediated-planned,assess-then-convert,repository+business-rule+behavior+numerical+record+transaction+4gl,executed-evidence,not-run
xbase,ada-spark,ir-mediated-planned,assess-then-convert,repository+business-rule+behavior+native-abi+safety+record+transaction+4gl,executed-evidence,not-run
xbase,xbase,in-place-modernization,modernize,repository+business-rule+behavior+record+transaction+4gl,executed-evidence,not-run
